REF_AREA,REF_AREA_LABEL,TIME_PERIOD,PRICE_BASE,PRICE_BASE_LABEL,gdp_basic_prices,real_estate_total,imputed_rent,real_estate_excl_imputed,imputed_share_of_re,re_share_of_gdp,imputed_share_of_gdp,reliable,HPI,HPI_RPI,HPI_RPI_AVG,HPI_YDH,HPI_YDH_AVG,RHP,RPI,imputed_rent_yoy,real_estate_excl_imputed_yoy,HPI_yoy,RPI_yoy
AUS,Australia,2012,V,Current prices,1423473000000.0,160978000000.0,128870000000.0,32108000000.0,0.8005441737380263,0.1130882004786884,0.09053210001173187,True,78.88025,84.9053434092326,111.25986184545,85.2205159531995,105.144306115034,83.0611322844323,92.9125016140626,,,,
AUS,Australia,2013,V,Current prices,1479312000000.0,173128000000.0,136809000000.0,36319000000.0,0.7902187976526038,0.11703278280714279,0.09248150491579869,True,84.1065,87.6314627994872,114.832165478591,88.3898364777304,109.054585273528,86.5919453296031,95.9662819957851,6.1604717932800535,13.115111498691912,6.6255494879897014,3.286727112791765
AUS,Australia,2014,V,Current prices,1507569000000.0,183233000000.0,144663000000.0,38570000000.0,0.7895029825413544,0.12154203223865707,0.0959577969565572,True,91.72025,93.2282639710747,122.166207131611,93.052227693922,114.807001622809,92.8803612584584,98.3819622977452,5.740850382650264,6.197857870536083,9.052510804753489,2.5172177682847074
AUS,Australia,2015,V,Current prices,1542772000000.0,187264000000.0,143602000000.0,43662000000.0,0.7668425324675324,0.12138151327610301,0.09308050703538825,True,100.0,100.0,131.039882035683,100.0,123.379100606215,100.0,100.0,-0.7334287274562312,13.201970443349765,9.027177749733584,1.6446487389201847
AUS,Australia,2016,V,Current prices,1644561000000.0,194122000000.0,148204000000.0,45918000000.0,0.7634580315471714,0.11803879576373269,0.09011766665997795,True,105.5,104.714439498908,137.217677993696,105.135169282325,129.714826281354,104.85357651277,100.752062594008,3.204690742468763,5.1669644084100685,5.499999999999994,0.7520625940079961
AUS,Australia,2017,V,Current prices,1725711000000.0,199698000000.0,152707000000.0,46991000000.0,0.7646896814189426,0.11571926006150508,0.08848932411046809,True,114.30825,112.746807519495,147.743283572544,112.448696366851,138.738190220834,112.23658345673,101.39016267377,3.038379530916835,2.3367742497495625,8.349052132701429,0.6333369891724283
AUS,Australia,2018,V,Current prices,1826425000000.0,206953000000.0,159154000000.0,47799000000.0,0.7690345150831348,0.113310428843232,0.08713963069931698,True,112.66375,110.409219652249,144.680111188824,107.624053909329,132.785589749278,108.803108701494,102.05103775638,4.221810395070302,1.719478197952795,-1.4386538154507744,0.6518138103164928
AUS,Australia,2019,V,Current prices,1857042000000.0,220291000000.0,173478000000.0,46813000000.0,0.7874947228892691,0.11862467300147224,0.09341630399312455,True,108.08375,105.540470631653,138.300108215622,100.728895893051,124.278405803418,102.542087493784,102.415712801964,9.000087965115554,-2.06280466118538,-4.06519399540668,0.3573457493441401
AUS,Australia,2020,V,Current prices,1944802000000.0,224071000000.0,174740000000.0,49331000000.0,0.7798421036189422,0.11521532783285908,0.08984976362632288,True,113.9165,112.289982838136,147.144661048982,100.402162718949,123.875285351829,106.792680653415,101.458537682317,0.7274697656187046,5.3788477559652215,5.396509651080761,-0.93459791809275
AUS,Australia,2021,V,Current prices,2180676000000.0,247439000000.0,152993000000.0,94446000000.0,0.6183059259049705,0.1134689426581482,0.07015851965170433,True,133.76375,132.076165792074,173.072451851187,112.291795284242,138.54460707627,122.747949845308,101.27623765953,-12.445347373240246,91.45364983478947,17.42262973318176,-0.17967933202213127
AUS,Australia,2022,V,Current prices,2408297000000.0,261941000000.0,163452000000.0,98489000000.0,0.6240031152053325,0.108766069965623,0.06787036648718991,True,142.650023805628,137.692336520613,180.431875348787,115.935388583704,143.040039718895,124.420113150234,103.646337955792,6.8362604825057405,4.280753022891393,6.64326008027436,2.340233356841126
AUS,Australia,2023,V,Current prices,2511352000000.0,292209000000.0,182803000000.0,109406000000.0,0.6255899031172893,0.11635525406235367,0.07279067211605542,True,144.499256217277,130.737882343719,171.318766799159,117.259313772796,144.673486709895,119.11262735258,110.528738816092,11.838949661062582,11.084486592411324,1.2963421682766318,6.640274028046722
AUT,Austria,2010,V,Current prices,262315278000.0,24077420000.0,13387447000.0,10689973000.0,0.5560166745440334,0.09178809630752807,0.051035712071639226,True,77.3225,93.3682957581895,92.0183060382279,82.8702982000884,85.6937637118701,85.9760901199911,82.808831131987,,,,
AUT,Austria,2011,V,Current prices,274868077000.0,25332448000.0,13976204000.0,11356244000.0,0.5517115440244859,0.09216220478014986,0.05084695229995734,True,81.4725,95.2191289813099,93.842378509165,86.4355344163223,89.3804707290608,87.8553821419631,85.5564717502062,4.397828801861925,6.232672430510355,5.367131171392536,3.3180526529106524
AUT,Austria,2012,V,Current prices,281956183000.0,26341516000.0,14360871000.0,11980645000.0,0.5451801255478235,0.09342414739668965,0.050932988406925624,True,86.8625,97.2420147141145,95.8360158239518,88.2776317046108,91.2853299269332,91.5441301876843,89.3258500983163,2.7522995514375648,5.498305601746489,6.615729233790546,4.4057197205552345
AUT,Austria,2013,V,Current prices,287195976000.0,27758878000.0,15160921000.0,12597957000.0,0.5461647621348384,0.0966548291749046,0.05278946178549521,True,91.1949999999999,99.0165664493031,97.5849097426343,93.8439099539988,97.0412562771182,94.2042943740366,92.1010982227472,5.571040920846659,5.152577344541975,4.98776802417602,3.106881290663721
AUT,Austria,2014,V,Current prices,297231274000.0,28678371000.0,16062308000.0,12616063000.0,0.5600843925200633,0.09648503878498331,0.05403976433516212,True,94.675,98.867577106464,97.4380746008502,95.7408230452747,99.0027989016332,95.9712670929411,95.7600140460032,5.945463339595269,0.14372171614809304,3.8159986841385107,3.9727168229925836
AUT,Austria,2015,V,Current prices,307040613000.0,29896729000.0,16711664000.0,13185065000.0,0.5589796796833526,0.09737060093740758,0.05442818732256765,True,100.0,100.0,98.5541240642778,100.0,103.407089841724,100.0,100.0,4.0427315924959295,4.510139177332895,5.624504885133352,4.42772068930557
AUT,Austria,2016,V,Current prices,318953380000.0,31014220000.0,17111749000.0,13902471000.0,0.5517388152918242,0.09723747088054059,0.053649686985602726,True,106.705,103.511102553463,102.014460430842,103.76119551868,107.296432670848,105.264704107334,103.082848193641,2.394046457611876,5.441050157886962,6.705000000000005,3.082848193640997
AUT,Austria,2017,V,Current prices,329417151000.0,32690579000.0,17885998000.0,14804581000.0,0.5471300462435982,0.09923763501919182,0.05429589183715574,True,112.135,104.469987184738,102.959480779982,106.75643619776,110.393723890841,108.565312649733,107.340474151607,4.524663142265584,6.4888464791618805,5.088796213860647,4.130295226193259
AUT,Austria,2018,V,Current prices,344262282000.0,34076472000.0,18669075000.0,15407397000.0,0.5478582113782201,0.0989840414756793,0.05422921991785321,True,118.83,106.727734733645,105.184584100391,109.720544946108,113.458822487251,112.616945710845,111.331500049588,4.3781565893052266,4.071820742512067,5.970482008293576,3.7180997471131905
AUT,Austria,2019,V,Current prices,354893116000.0,35025073000.0,19062023000.0,15963050000.0,0.5442393510500321,0.09869189178637097,0.05371201113971453,True,125.9675,109.873090889849,108.284462308838,114.615908861734,118.520975849562,117.31768953534,114.639250793831,2.1048070137379638,3.6064041187489293,6.006479845156942,2.971082526301805
AUT,Austria,2020,V,Current prices,341771078000.0,36089039000.0,19894024000.0,16195015000.0,0.551248372116531,0.10559418664442988,0.05820862349271111,True,135.515,113.539574572373,111.89793318611,123.458837285834,127.66519078971,124.946847632381,119.344851852592,4.364704627625304,1.453137088463663,7.579335939825738,4.104703254929354
AUT,Austria,2021,V,Current prices,362536790000.0,35461435000.0,18248453000.0,17212982000.0,0.5145999590823102,0.0978147210935475,0.05033545147238712,True,151.015,124.145941727082,122.350945430475,132.443881903312,136.956363949624,136.599032635628,121.702277383012,-8.27168500450185,6.2856811185417305,11.437848208685386,1.9753055903339423
AUT,Austria,2022,V,Current prices,402769583000.0,36487205000.0,18781310000.0,17705895000.0,0.5147368783111779,0.09059076588710524,0.04663040803654729,True,168.4925,137.324415641751,135.338874962116,135.391699399398,140.004616236172,141.529708221222,122.716877611297,2.920011904570763,2.8636118947896527,11.573353640366868,0.8336739871283694
BEL,Belgium,2010,V,Current prices,326533530000.0,28796407000.0,17051418000.000002,11744990000.0,0.5921369982025884,0.08818820842074013,0.052219501011121286,True,91.5985,98.287806316842,125.156372640427,97.013671651296,122.288820905847,98.6760797906688,93.1940144895511,,,,
BEL,Belgium,2011,V,Current prices,339644316000.0,29628402000.0,17136442000.0,12491960000.0,0.5783788811829946,0.08723361647541895,0.05045408149859926,True,94.87725,100.631751361646,128.141073087708,98.7155272717081,124.434064082708,99.5592420936416,94.2818895711418,0.4986330169138853,6.359903243851206,3.579480013319003,1.1673229096839544
BEL,Belgium,2012,V,Current prices,346646299000.0,30058521000.0,17108809000.000002,12949712000.0,0.569183327416542,0.08671236671706108,0.04935523341618023,True,97.111,101.438012093394,129.167738269987,99.0131075333577,124.809173474019,99.6496761179994,95.7371096802833,-0.1612528435015692,3.664372924665149,2.354357867665846,1.5434778786899805
BEL,Belgium,2013,V,Current prices,350216953000.0,29962114000.0,16551832999.999998,13410281000.0,0.5524254062981002,0.08555300862320049,0.04726165554869641,True,98.5505,101.604637854395,129.379913885831,100.017448491555,126.075177218387,100.117327499944,96.9976297748223,-3.2554925360380405,3.5565964710257747,1.48232435048552,1.316647325941367
BEL,Belgium,2014,V,Current prices,358051345000.0,31157221000.0,17103232000.0,14053990000.0,0.5489331670497828,0.08701886317449806,0.047767540155448936,True,98.21675,99.1827091879466,126.295911728846,98.8178696964668,124.563069966512,98.99019354596,99.0280749271057,3.331347047786193,4.800115672445648,-0.33865886017827584,2.0932935753142035
BEL,Belgium,2015,V,Current prices,373301600000.0,33821300000.000004,19306000000.0,14515300000.0,0.5708237116846484,0.09060046889699912,0.051716895936154576,True,100.0,100.0,127.336622242816,100.0,126.053182839425,100.0,100.0,12.879249956967186,3.2824130371517324,1.815627171536427,0.9814641692365678
BEL,Belgium,2016,V,Current prices,384171000000.0,34797500000.0,19720500000.0,15077000000.0,0.5667217472519578,0.09057815399913059,0.051332609697244194,True,102.33025,101.375479576554,129.08811147524,99.8148142901897,125.819750358045,100.831675229608,100.941807570636,2.1470009323526273,3.8697098923205164,2.3302500000000004,0.9418075706359996
BEL,Belgium,2017,V,Current prices,396978700000.0,36108400000.0,20370900000.0,15737500000.0,0.5641595861350821,0.09095802873050872,0.05131484384426671,True,105.94825,103.838106089425,132.223936895184,100.111690120987,126.193971791847,102.323883547956,102.032407652431,3.298090819198296,4.380844995688804,3.535611415001916,1.0804245614799646
BEL,Belgium,2018,V,Current prices,410172800000.0,37512200000.0,21013100000.0,16499099999.999998,0.5601670923059698,0.09145462595276918,0.05122987189789279,True,109.14475,105.882682520432,134.827431461603,100.164738819689,126.260841365014,103.282854080811,103.081607731121,3.152536215876567,4.83939634630659,3.01703897893546,1.0283008142511374
BEL,Belgium,2019,V,Current prices,427315100000.0,38860700000.0,21582000000.0,17278700000.0,0.5553682769481765,0.09094155577464967,0.05050605513355367,True,113.23325,108.678831726886,138.387953413971,100.060193260827,126.129058360552,105.601129876467,104.189607814221,2.70735874287944,4.725106217914932,3.7459428877705925,1.07487660261385
BEL,Belgium,2020,V,Current prices,417994900000.0,41434300000.0,23821800000.0,17612500000.0,0.5749294666496115,0.09912632905329706,0.05699064749354597,True,118.08675,110.372650367366,140.544804857677,102.914902852719,129.727510661953,109.130832381314,106.984108023808,10.378092855157073,1.9318582995248468,4.286285168004977,2.682129502368258
BEL,Belgium,2021,V,Current prices,452382900000.0,43691500000.0,24800200000.0,18891300000.0,0.5676207042559765,0.09658079472057852,0.05482125871689668,True,125.96225,115.393999244614,146.938820908992,104.720851526754,132.003966446021,113.44602999625,109.152858186464,4.107162347093829,7.260752306600415,6.669249513599107,2.0271703926094897
BEL,Belgium,2022,V,Current prices,505988000000.0,50201800000.0,28819300000.0,21382500000.0,0.5740690572847985,0.09921539641256315,0.05695648908669771,True,132.92875,117.658395300813,149.822226361155,101.514972173564,127.962853483334,108.268625674442,112.988208474116,16.205917694212136,13.187022597703702,5.530625246849752,3.5137424263322004
BGR,Bulgaria,2010,V,Current prices,33245466000.0,4014946000.0,3111026000.0,903920000.0,0.7748612310103299,0.12076672349847645,0.0935774520351136,True,105.8075,109.810593356227,,128.181725853273,,115.465209073546,96.3727049093176,,,,
BGR,Bulgaria,2011,V,Current prices,36109875000.0,4150983000.0,3222494000.0,928489000.0,0.7763206931948409,0.11495423343337521,0.0892413501846794,True,99.9749999999999,102.362394102953,,112.333906646997,,105.201754800278,97.6684074417101,3.5829980205887013,2.7180502699353903,-5.512369160976405,1.3444704427583387
BGR,Bulgaria,2012,V,Current prices,36295966000.0,4180772000.0,3238253000.0,942519000.0,0.7745586221874812,0.11518558288268178,0.08921798637347192,True,98.0724999999999,99.5420789159408,,108.045950747293,,100.306364534951,98.531482463287,0.4890311665436853,1.5110572123094634,-1.9029757439359751,0.8836788109727323
BGR,Bulgaria,2013,V,Current prices,36031087000.0,4124167000.0000005,3188887000.0,935279000.0,0.773219658660767,0.11446135388588195,0.0885037689814909,True,95.915,96.8554794452118,,102.42354774005,,99.5162717150548,99.0297949757448,-1.5244639625131229,-0.768154275935018,-2.199903132886283,0.5057393840019353
BGR,Bulgaria,2014,V,Current prices,37184553000.0,3895468000.0,3140217000.0,755251000.0,0.8061205996301343,0.10476038262447313,0.08444950245872258,True,97.2899999999999,98.0137858169148,,102.408012469569,,99.598551423381,99.2613024815325,-1.5262378378412267,-19.24858785453325,1.4335609654380521,0.2337756084867193
CAN,Canada,2010,V,Current prices,1555133000000.0,180555000000.0,119549000000.0,61006000000.0,0.6621195757525408,0.11610260987323914,0.07687381079303185,True,79.3670670736894,84.8675247927162,113.707749706195,91.796527150721,105.630853565982,85.6728753830355,93.5218468521847,,,,
CAN,Canada,2011,V,Current prices,1658213000000.0,188267000000.0,124591000000.0,63675000000.0,0.6617782192311983,0.11353607769327584,0.07513570331435106,True,83.664905631846,88.4751724771525,118.541371293863,93.5502567820129,107.648881520059,88.4382167132206,94.5628569562857,4.2175175032831635,4.374979510212107,5.415140960376186,1.1131197031923001
CAN,Canada,2012,V,Current prices,1706036000000.0,197404000000.0,130729000000.0,66675000000.0,0.6622408867094892,0.11570916440215799,0.07662733963409916,True,87.6357398708995,91.3987647391497,122.458477371625,95.3174808946544,109.682437660524,91.4576946351015,95.8852170885217,4.9265195720397115,4.711425206124842,4.74611691612552,1.3983927461575174
CAN,Canada,2013,V,Current prices,1777213000000.0,206321000000.0,137374000000.0,68947000000.0,0.6658265518294308,0.11609244361818195,0.0772974314277467,True,90.1085918967196,92.4834639926056,123.9117860609,95.1432140331475,109.481907663359,92.8006704057071,97.432659743266,5.083034368808748,3.407574053243345,2.8217392007678477,1.6138490392274996
CAN,Canada,2014,V,Current prices,1867752000000.0,215604000000.0,143692000000.0,71912000000.0,0.6664625888202446,0.11543502563509503,0.07693312602529671,True,94.8893761400259,96.0036193133766,128.62818307046,97.9316952666187,112.690630934128,95.8704423761409,98.8394273839428,4.599123560499074,4.300404658650847,5.305580902635709,1.4438358188964884
CAN,Canada,2015,V,Current prices,1856814000000.0,225597000000.0,150302000000.0,75295000000.0,0.6662411290930287,0.12149682197570677,0.08094617985430959,True,100.0,100.0,133.982639394656,100.0,115.070642479259,100.0,100.0,4.600116916738584,4.704360885526748,5.385875709028243,1.1742000604161085
CAN,Canada,2016,V,Current prices,1886103000000.0,236708000000.0,156652000000.0,80056000000.0,0.661794278182402,0.12550109935671594,0.08305590945987573,True,109.983555274126,109.25877672272,146.387792823414,110.951031511283,127.672064797398,109.07417165482,100.661185066119,4.224827347606808,6.32312902583172,9.983555274126,0.6611850661190077
CAN,Canada,2017,V,Current prices,1991534000000.0,245057000000.0,162099000000.0,82957000000.0,0.6614746773199704,0.12304936797463664,0.08139404097544907,True,122.684743263806,121.108277972726,162.264067353275,119.46801465615,137.472612022047,120.417082979434,101.301285130129,3.477134029568729,3.623713400619577,11.548260972309187,0.6358956171532704
CAN,Canada,2018,V,Current prices,2083379000000.0,253370000000.0,169786000000.0,83584000000.0,0.670110905000592,0.12161493420064232,0.08149549361877988,True,127.159315370148,124.115870657173,166.293719414138,122.141723311811,140.54926575014,122.851389532949,102.454810245481,4.742163739443184,0.7558132526489736,3.6472115336463995,1.1387072867537817
CAN,Canada,2019,V,Current prices,2161924000000.0,268487000000.0,179486000000.0,89002000000.0,0.6685090898255781,0.12418891690919755,0.08302141980939201,True,129.030139213111,122.591500648946,164.251328242974,120.12542293829,138.229095956017,122.650876746811,105.254260525426,5.713074105049887,6.482101837672283,1.4712440354976986,2.7323756427224177
CAN,Canada,2020,V,Current prices,2083990000000.0,281548000000.0,186717000000.0,94832000000.0,0.6631799906232685,0.13510045633616286,0.08959591936621576,True,137.385761135631,128.377162128406,172.003110199595,120.432419384799,138.582358739404,129.657864357615,107.012760701276,4.0287264744882645,6.550414597424781,6.475713328278698,1.6707163843739936
CAN,Canada,2021,V,Current prices,2366372000000.0,292873000000.0,191562000000.0,101310000000.0,0.6540787303711848,0.12376456448943784,0.08095176920619412,True,157.623642601291,144.812464902195,194.02356264842,134.42243505909,154.68075965876,144.488827587191,108.820435882044,2.5948360352833433,6.831027501265385,14.730697925588254,1.6892146029332755
CAN,Canada,2022,V,Current prices,2674953000000.0,308117000000.0,204726000000.0,103391000000.0,0.6644424033727447,0.11518594906153491,0.07653442882921681,True,175.382056346813,154.052203142805,206.403207816348,145.538315729117,167.471874962987,151.953862973622,113.891836389184,6.871926582516363,2.054091402625602,11.266338889554707,4.660338351003435
CHL,Chile,2018,V,Current prices,170093998143000.0,14630325672000.0,10269618046000.0,4360707626000.0,0.7019404951220145,0.08601317995770853,0.060376134126532865,True,126.811567028918,112.033527315893,,111.259841521365,,117.370254940278,113.203205189439,,,,
CHL,Chile,2019,V,Current prices,175974309648000.0,15533592643000.0,11002628739000.0,4530963904000.0,0.7083119141764145,0.08827193397758866,0.0625240625237199,True,137.49984374961,116.19279007278,,116.824931377066,,124.948845083656,118.358779287214,7.13766266395377,3.904326834132954,8.42847144870833,4.554265128047796
CHL,Chile,2020,V,Current prices,181622712957000.0,16195947003000.0,12441241529000.0,3754705474000.0,0.7681700567861509,0.08917357713313348,0.06850047181018334,True,146.627616569042,119.848858314044,,111.295372340875,,126.552643023392,122.388253582056,13.075173434696396,-17.13230223076171,6.63838777595549,3.4044574632388747
CHL,Chile,2021,V,Current prices,214091859874000.0,18300845204000.0,13774708896000.0,4526136307000.0,0.7526815697555473,0.08548127525619442,0.06434018044453844,True,163.996909992275,130.539201086957,,109.460296769941,,135.491505861676,125.653478010641,10.718121369895005,20.545708267715913,11.845854027814994,2.6679230506347684
CHL,Chile,2022,V,Current prices,235700177024000.0,20750298213000.0,15538781147000.0,5211517066000.0,0.7488461605465024,0.08803683762565488,0.06592604784262752,True,175.24118810297,133.964490832353,,112.778669937767,,130.684273435751,130.843952102308,12.80660276974901,15.14273350407076,6.856396325531167,4.130784259889286
CHL,Chile,2023,V,Current prices,253479164131000.0,22372633266000.0,16860860083000.0,5511773183000.0,0.7536377091839109,0.08826221809078418,0.06651773584942933,True,189.200723001808,133.775243832236,,112.717576378255,,131.63137832099,141.477400242662,8.508253790904629,5.7613956396473265,7.965898342708977,8.126816692329486
CZE,Czechia,1994,V,Current prices,1236871000000.0,70395000000.0,43752000000.0,26643000000.0,0.6215214148732154,0.056913776780278626,0.03537313107025712,True,,,,,,,16.645030452,,,,
CZE,Czechia,1995,V,Current prices,1461630000000.0,90924000000.0,57887000000.0,33037000000.0,0.636652588975408,0.06220726175571109,0.03960441424984435,True,,,,,,,18.5169267837228,32.30709453282137,23.998798934053966,,11.245977212963766
CZE,Czechia,1996,V,Current prices,1671370000000.0,102226000000.0,65555000000.0,36671000000.0,0.6412752137421008,0.06116299801958872,0.039222314628119447,True,,,,,,,22.2902816343869,13.246497486482278,10.999788116354381,,20.37786774628849
CZE,Czechia,1997,V,Current prices,1807139000000.0,119700000000.0,77041000000.0,42659000000.0,0.6436173767752715,0.06623729552624341,0.04263147439128921,True,,,,,,,29.2122662103436,17.52116543360538,16.32897930244608,,31.053822869955372
CZE,Czechia,1998,V,Current prices,1979764000000.0,141454000000.0,89713000000.0,51741000000.0,0.6342203119035164,0.07144993039574414,0.04531499714107338,True,,,,,,,38.616498548234,16.448384626367773,21.289763004289842,,32.19275173714702
CZE,Czechia,1999,V,Current prices,2060367000000.0,161245000000.0,98828000000.0,62417000000.0,0.612905826537257,0.07826032934909169,0.047966211844782995,True,,,,,,,44.1724062216359,10.160177454772445,20.633540132583448,,14.387393684754436
CZE,Czechia,2000,V,Current prices,2187207000000.0,175573000000.0,105302000000.0,70271000000.0,0.599761922391256,0.08027269481123643,0.04814450575551377,True,,,,,,,47.4293212355005,6.550775083984295,12.583110370572115,,7.373189039154826
CZE,Czechia,2001,V,Current prices,2366279000000.0,185399000000.0,113592000000.0,71807000000.0,0.612689388831655,0.07835043965652402,0.048004482987847166,True,,,,,,,50.3780356221122,7.87259501244042,2.185823454910274,,6.217070600632191
CZE,Czechia,2002,V,Current prices,2474186000000.0,196349000000.0,123335000000.0,73014000000.0,0.6281417272305945,0.07935902959599642,0.04984871792177306,True,,,,,,,53.8182032394627,8.577188534403835,1.6808946203016317,,6.828705357142817
CZE,Czechia,2003,V,Current prices,2590891000000.0,204701000000.0,132285000000.0,72416000000.0,0.6462352406680963,0.0790079551783537,0.051057724929377574,True,,,,,,,56.0255733456227,7.256658693801432,-0.819021009669374,,4.101530659316821
CZE,Czechia,2004,V,Current prices,2796513000000.0,219719000000.0,141211000000.0,78508000000.0,0.6426890710407384,0.07856891779154969,0.050495384788127214,True,,,,,,,57.2500394892157,6.747552632573606,8.41250552364119,,2.185548617305977
CZE,Czechia,2005,V,Current prices,2974445000000.0,240807000000.0,150973000000.0,89834000000.0,0.6269460605381073,0.08095863261885831,0.050756695786945125,True,,,,,,,57.9080850871561,6.913059180942005,14.426555255515371,,1.1494238323876749
CZE,Czechia,2006,V,Current prices,3208577000000.0,257453000000.0,161254000000.0,96199000000.0,0.626343449095563,0.08023899691358506,0.050257170078823105,True,,,,,,,58.5161524751539,6.809826922694784,7.0852906471937205,,1.0500561140687203
CZE,Czechia,2007,V,Current prices,3492426000000.0,274932000000.0,173742000000.0,101190000000.0,0.6319453537602026,0.07872235517660217,0.049748226590914164,True,,,,,,,62.3728085072398,7.7443040172646915,5.188203619580256,,6.590754636035667
CZE,Czechia,2008,V,Current prices,3662668000000.0,305633000000.0,190958000000.0,114675000000.0,0.6247950973880438,0.08344545560777007,0.05213631156304639,True,100.765750001351,141.594197329343,,112.456196122578,,109.979965112133,71.1772998269089,9.90894544784795,13.326415653720725,,14.115912895997184
CZE,Czechia,2009,V,Current prices,3569244000000.0,325171000000.0,198048000000.0,127123000000.0,0.6090580033274801,0.09110360625387337,0.055487380520917035,True,96.9325000000001,117.042031632419,,109.060383229044,,104.69895718697,82.9055189271288,3.712858324867252,10.85502507085241,-3.8041199527612313,16.477471228525033
CZE,Czechia,2010,V,Current prices,3653610000000.0,371704000000.0,251378000000.0,120326000000.0,0.6762854314185481,0.10173609115368087,0.06880263629670381,True,95.2147500000001,105.967134886292,,103.86112198175,,100.469911043487,89.8691478465201,26.92781547907579,-5.346790116658672,-1.7721094576122587,8.399475703797354
CZE,Czechia,2011,V,Current prices,3701935000000.0,369129000000.0,253643000000.0,115486000000.0,0.6871391844043682,0.09971244767938929,0.06851632997337878,True,95.21475,103.187686920801,,102.952068971092,,99.2528160476724,92.3014273941533,0.9010335033296402,-4.022405797583229,-9.992007221626409e-14,2.706467798923695
CZE,Czechia,2012,V,Current prices,3706986000000.0,370571000000.0,247910000000.0,122661000000.0,0.6689946056221345,0.09996557850501728,0.06687643276775256,True,93.8650000000001,97.5148843505222,,100.039063018662,,96.0673473918785,96.2663587191693,-2.260263441135768,6.212874287792469,-1.417584985519471,4.295633812990385
CZE,Czechia,2013,V,Current prices,3739215000000.0,374274000000.0,248992000000.0,125282000000.0,0.6652666228485014,0.10009427112375191,0.0665893777169807,True,93.8037500000001,95.5115014094012,,100.11704562435,,95.4082978081033,98.2155114058401,0.4364487112258564,2.136783492715688,-0.06525328929846141,2.0247495725447706
CZE,Czechia,2014,V,Current prices,3962801000000.0,395364000000.0,259269000000.0,136095000000.0,0.6557729080037636,0.09976882513151682,0.06542569258461377,True,96.0737500000001,96.9398505327269,,98.7514482774702,,96.6156035080514,99.10679281503,4.12744184552114,8.63092862502195,2.419945897685327,0.9074752006401621
CZE,Czechia,2015,V,Current prices,4191609000000.0,413582000000.0,269464000000.0,144118000000.0,0.6515370591563463,0.09866903139104816,0.06428653054232873,True,100.0,100.0,,100.0,,100.0,100.0,3.932209404132392,5.895146772475113,4.086704224618987,0.9012572797477691
CZE,Czechia,2016,V,Current prices,4360876000000.0,441615000000.0,286059000000.0,155556000000.0,0.6477565300091709,0.10126749763120987,0.06559668286830445,True,107.17775,105.909028781829,,103.151482875761,,106.05764560981,101.186792410991,6.1585221031380755,7.93655199211758,7.177750000000005,1.186792410991
CZE,Czechia,2017,V,Current prices,4661221000000.0,478248000000.0,316664000000.0,161584000000.0,0.6621334537729379,0.10260144284083506,0.06793584771028878,True,119.7545,115.879398443353,,106.782074448194,,115.090452298047,103.337842249662,10.698841847311225,3.87513178533776,11.7344784715111,2.125820759229202
CZE,Czechia,2018,V,Current prices,4941127000000.0,545744000000.0,365561000000.0,180183000000.0,0.6698397050631798,0.11044929628402589,0.07398332404732766,True,130.0,122.101021989253,,108.116704206393,,121.412644674043,106.453192016011,15.441287926635173,11.510421823942973,8.555419629325002,3.0147230661371704
CZE,Czechia,2019,V,Current prices,5330260000000.0,602871000000.0,410204000000.0,192667000000.0,0.6804175354263184,0.11310348838518196,0.07695759681516474,True,141.8405,128.467291596999,,111.125276669456,,128.712993253784,110.396841720237,12.212188937003665,6.928511568793949,9.108076923076913,3.704585677086003
CZE,Czechia,2020,V,Current prices,5315366000000.0,654823000000.0,453197000000.0,201626000000.0,0.6920908398147285,0.12319433882821992,0.08526167342004294,True,153.8035,135.107965423192,,115.50720977718,,135.498579276431,113.833591462481,10.480882682762726,4.6499919550312185,8.434121425121898,3.1130870128995625
CZE,Czechia,2021,V,Current prices,5749003000000.0,728058000000.0,510001000000.0,218057000000.0,0.7004950155070063,0.1266407410119633,0.088711207838994,True,184.17175,157.954177091728,,126.528084363015,,155.653837213403,116.528566260358,12.534063552936136,8.149246624939256,19.74483675599059,2.367468831698294
CZE,Czechia,2022,V,Current prices,6418123000000.0,810426000000.0,585618000000.0,224808000000.0,0.7226051484034323,0.12627149713397515,0.09124443392561969,True,215.27625,176.086790465744,,133.641493776972,,159.332914707532,122.277165829213,14.82683367287516,3.095979491600831,16.8888551039994,4.933210588046699
CZE,Czechia,2023,V,Current prices,7036354000000.0,853506000000.0,609724000000.0,243782000000.0,0.7143757630291996,0.12129946844630046,0.0866534003263622,True,211.71775,161.665874044745,,120.559226447858,,144.282300961725,131.017440173692,4.116335221936485,8.440091099960846,-1.6529923760749354,7.147920288475373
CZE,Czechia,2024,V,Current prices,7355682000000.0,902575000000.0,631328000000.0,271247000000.0,0.6994742819156303,0.1227044616665049,0.0858286152120225,True,222.2085,158.851142888893,,121.134676339164,,146.610153964954,139.86893950983,3.5432425162860604,11.26621325610586,4.955063994398201,6.755970292507185
DNK,Denmark,2005,V,Current prices,1347650370000.0,129435760000.0,56447280000.0,72988480000.0,0.4361026659093283,0.09604550474022427,0.041885700665818835,True,82.9512073780184,105.260640416581,119.609838141806,106.003516205762,121.228862022999,98.0428471704332,78.7814921218509,,,,
DNK,Denmark,2006,V,Current prices,1428654100000.0,133011910000.0,57023060000.0,75988850000.0,0.4287064218535017,0.09310294913233372,0.03991383218653136,True,102.905257263143,128.045534490764,145.500783527522,126.274558352608,144.411445577231,119.011989932782,80.3670044632996,1.0200314346413109,4.110744599695737,24.055165097467057,2.0125441886736484
DNK,Denmark,2007,V,Current prices,1475014740000.0,136901440000.0,58369890000.0,78531550000.0,0.42636432458270707,0.09281360808638428,0.039572411323835315,True,105.65776414441,128.835092290253,146.397974350481,129.768624865201,148.407366866597,120.147910957161,82.0229892977011,2.361904113879554,3.3461488099898906,2.674797142995766,2.060528254674132
DNK,Denmark,2008,V,Current prices,1545452490000.0,138324720000.0,60826480000.0,77498240000.0,0.43973687421886704,0.0895043496290203,0.039358362934858,True,100.191250478126,119.223343166927,135.475945448217,121.779478482911,139.270734808278,110.509916988343,84.0714340928567,4.208659635986978,-1.315789641233367,-5.173792679175504,2.497403243523366
DNK,Denmark,2009,V,Current prices,1484940570000.0,145697280000.0,64928900000.0,80768380000.0,0.44564249929717287,0.09811657310972384,0.04372491486309112,True,88.1882204705512,101.395117900923,115.217365128137,102.350107973558,117.050712671464,95.9919246282321,86.9899588010042,6.744463924264554,4.219631310336847,-11.98011797466818,3.4714820076983566
DNK,Denmark,2010,V,Current prices,1562742710000.0,155197650000.0,71882870000.0,83314780000.0,0.4631698353679969,0.09931106957459428,0.045997891745084514,True,90.6732266830667,101.414783274413,115.239711297901,100.384247836043,114.802494915133,96.3771912471795,89.42010105799,10.710130619801038,3.152718922925035,2.817843697555178,2.7935893871899875
DNK,Denmark,2011,V,Current prices,1593742160000.0,164389490000.0,80034710000.0,84354780000.0,0.48686026095707213,0.10314685406828919,0.05021810428858831,True,89.1057227643069,96.7756664915942,109.968187152523,95.0262073927862,108.6748760506,92.5916740392883,92.1066682893333,11.340448704955719,1.2482779165953417,-1.7287395365764846,3.004433230958914
DNK,Denmark,2012,V,Current prices,1636086400000.0,164887470000.0,78877530000.0,86009940000.0,0.47837188598988145,0.1007816396493486,0.0482111030322115,True,86.7357168392921,91.829165583888,104.347376082046,91.3684883812445,104.491796760019,88.0754880335815,94.4663455533655,-1.4458476828366096,1.9621413273794408,-2.6597684766933583,2.561896231681926
DNK,Denmark,2013,V,Current prices,1669456220000.0,168068140000.0,81193290000.0,86874850000.0,0.48309745083154965,0.10067238540702793,0.048634572759266484,True,90.1757254393136,93.5030411855978,106.249435474785,94.5194703744924,108.095356103795,90.8950451121359,96.4521553547846,2.9358931497981855,1.0055930744748753,3.9660807858374003,2.102134670063305
DNK,Denmark,2014,V,Current prices,1718978930000.0,176017140000.0,85295130000.0,90722010000.0,0.4845842285586506,0.1023963336188187,0.04961964833390948,True,93.5399838499596,95.3158084312345,108.309320309052,97.7183957750641,111.753744993981,93.70484114228,98.1472851852716,5.051944563399258,4.428393257657426,3.7307805335151656,1.7574825821690787
DNK,Denmark,2015,V,Current prices,1761018570000.0,188608770000.0,86269780000.0,102338990000.0,0.45740068184528215,0.10710209035444754,0.04898856915517932,True,100.0,100.0,113.632063863983,100.0,114.363057342063,100.0,100.0,1.1426795410242052,12.805029341832252,6.906154869988468,1.8876882954337981
DNK,Denmark,2016,V,Current prices,1822909480000.0,196003300000.0,89374020000.0,106629280000.0,0.4559822207075085,0.10752223418137032,0.04902822711745402,True,104.625511563779,103.210679660401,117.280425426158,100.120327373788,114.500667405547,104.547570082625,101.375039862496,3.5982936319068015,4.192234064455791,4.6255115637789945,1.3750398624959859
DNK,Denmark,2017,V,Current prices,1903817650000.0,205539920000.0,91730400000.0,113809520000.0,0.4462899469845079,0.10796197839640786,0.04818234561487546,True,109.786274465686,106.578740698586,121.107622696046,102.250559106437,116.936865543475,108.665571527008,103.016364698364,2.6365380006404537,6.733835209240846,4.932604701063803,1.6190620867762684
DNK,Denmark,2018,V,Current prices,1945814960000.0,212902220000.0,94558330000.0,118343890000.0,0.4441397088297154,0.10941545027488123,0.04859574622655795,True,114.641036602591,110.0128262502,125.0098449832,103.282490499145,118.117013833848,112.928079538753,104.218214578179,3.0828711092505845,3.984174610348945,4.422011914087087,1.1666591840374663
DNK,Denmark,2019,V,Current prices,2005034630000.0,222697770000.0,98709790000.0,123987980000.0,0.443245525089901,0.11106928861373332,0.04923096515295599,True,117.202043005107,111.491428544772,126.690011286862,103.179887378734,117.999673768417,114.501436826304,105.133314486669,4.390369415365103,4.76922805224671,2.233935140863963,0.8780613947320326
DNK,Denmark,2020,V,Current prices,2021320410000.0,231155550000.0,103196950000.0,127958600000.0,0.44643942141990534,0.11435868794299663,0.05105422647961092,True,122.209805524514,115.142355628901,130.838635082727,107.478988762017,122.916257548575,119.187158010082,106.144339385566,4.545810501673642,3.2024233316810147,4.272760432332046,0.9616598733080073
DNK,Denmark,2021,V,Current prices,2224247520000.0,236941040000.0,104664460000.0,132276579999.99998,0.4417320865984213,0.10652638156026807,0.047056120804396806,True,136.315340788352,126.821996882255,144.110452490822,117.037181351812,133.847298820908,130.518171211964,107.489089251091,1.422047841530194,3.374513319151662,11.542065060408401,1.2669068113375648
DNK,Denmark,2022,V,Current prices,2494375380000.0,248358890000.0,110009300000.0,138349590000.0,0.4429448851216882,0.09956756789349003,0.044102944922427834,True,142.813607034018,130.177891238309,147.923824508701,111.910825886895,127.984641981006,126.898773826179,109.729364027064,5.106642694186747,4.591145310832823,4.767083593148502,2.0841880711629956
ESP,Spain,2010,V,Current prices,989913000000.0,100489000000.0,72206000000.0,28283000000.0,0.7185463085511847,0.10151296124002816,0.07294176356912173,True,134.555163612091,134.855292252141,133.013750826665,134.732711598381,129.196962974781,141.910564947984,99.7788375110581,,,,
ESP,Spain,2011,V,Current prices,983721000000.0,106819000000.0,77508000000.0,29311000000.0,0.7256012507138243,0.10858668260614544,0.0787906327098842,True,124.270189324527,123.276350331578,121.592927292513,123.83092056656,118.743092674186,128.082757290583,100.814094959295,7.34288009306705,3.6346922179401053,-7.64368606262823,1.0375521243391583
ESP,Spain,2012,V,Current prices,954026000000.0,110666000000.0,79930000000.0,30736000000.0,0.7222633871288381,0.11599893503950626,0.08378178372497186,True,105.905235236912,104.476279507469,103.049584318282,111.267206158159,106.695582266421,106.990967663498,101.368494931575,3.12483872632503,4.861656033571005,-14.778245842738347,0.5499230762363583
ESP,Spain,2013,V,Current prices,935655000000.0,113229000000.0,82364000000.0,30865000000.0,0.7274108223158379,0.12101575901373904,0.08802817277735918,True,96.2392594018516,95.1145968460106,93.8157418486709,100.766365408452,96.6261884462477,96.2901262203694,101.17979494101,3.045164518954091,0.41970327954190534,-9.127004735353673,-0.186152502996495
ESP,Spain,2014,V,Current prices,944470000000.0,112629000000.0,81497000000.0,31132000000.0,0.7235880634650046,0.11925100850212289,0.08628860630829989,True,96.5392586518535,96.0733927676822,94.7614447550159,100.644131068691,96.5089763358323,96.4673296322098,100.484269975786,-1.0526443591860501,0.8650575085047851,0.31172231775937753,-0.6874148792547996
ESP,Spain,2015,V,Current prices,980992000000.0,110752000000.0,79418000000.0,31334000000.0,0.7170796012713089,0.11289796450939457,0.08095682737473904,True,100.0,100.0,98.6344314748633,100.0,95.8913106120056,100.0,100.0,-2.5510141477600445,0.6488500578183176,3.5848020758340926,-0.4819361039321901
ESP,Spain,2016,V,Current prices,1019400000000.0,121874000000.0,84790000000.0,37084000000.0,0.6957185289725454,0.11955463998430449,0.08317637826172258,True,104.622738443154,104.712373139631,103.282453930113,102.072061000923,97.8782370624713,104.419644971521,99.9122350043882,6.764209625022044,18.350673389927863,4.622738443153995,-0.0877649956118054
ESP,Spain,2017,V,Current prices,1061122000000.0,124735000000.0,85226000000.0,39509000000.0,0.6832565037880306,0.11755010262721911,0.08031687214099792,True,111.105222236945,110.741534453451,109.229282914701,105.329912822447,101.002233871927,109.233938636506,100.322344983883,0.5142115815544246,6.539208283896025,6.196056316489162,0.41047022867299887
ESP,Spain,2018,V,Current prices,1097845000000.0,129739000000.0,87039000000.0,42700000000.0,0.6708776851987451,0.1181760631054475,0.07928168366208345,True,118.580203549491,116.71413868094,115.120327138728,109.714159844044,105.206345801404,114.966250754378,101.590219920489,2.127285100790832,8.076640765395226,6.727839755907006,1.263801137034526
ESP,Spain,2019,V,Current prices,1137968000000.0,133936000000.0,88321000000.0,45615000000.0,0.6594268904551428,0.11769750994755564,0.07761290299902986,True,124.715188212029,120.895545681258,119.244634161143,110.76782228472,106.216716525195,119.64324204872,103.155569842221,1.4729029515504477,6.82669789227166,5.173700566281703,1.5408470647638506
ESP,Spain,2020,V,Current prices,1030964000000.0,134806000000.0,89817000000.0,44989000000.0,0.6662685637137813,0.13075723303626507,0.08711943385026054,True,127.505181237047,122.207919226238,120.53908634606,116.652608853132,111.859715492365,122.256532814182,104.332444783377,1.69382140147869,-1.3723555847857116,2.237091620528786,1.1408738693955645
ESP,Spain,2021,V,Current prices,1118595000000.0,138045000000.0,91871000000.0,46174000000.0,0.665514868340034,0.12340927681600579,0.08213070861214292,True,132.195169512076,125.94769168565,124.227789649855,115.267196596912,110.531225522496,124.012114046655,104.95499475225,2.2868721956867955,2.6339771944253076,3.678272701961638,0.5966983426541894
ESP,Spain,2022,V,Current prices,1254715000000.0,146180000000.0,94250000000.0,51930000000.0,0.6447530441920919,0.11650454485680015,0.07511665995863602,True,141.978395054013,133.475986624693,131.653280562731,119.056380222158,114.16472336224,124.928815733094,106.36459468177,2.5895004952596556,12.465889894745953,7.400592304579856,1.3430517840979483
ESP,Spain,2023,V,Current prices,1366751000000.0,159783000000.0,102927000000.0,56856000000.0,0.6441674020390155,0.11690717621571156,0.0753077919825923,True,147.693630765923,136.05060381461,134.19273959066,113.60931472006,108.941460862384,123.597577879926,108.550244572488,9.206366047745362,9.485846331600234,4.0254263402088375,2.0548659986503903
EST,Estonia,2010,V,Current prices,12871759000.0,1262202000.0,775984000.0,486218000.0,0.6147859059009572,0.09805979120646992,0.060285777569328326,True,63.9010902472743,131.747626817975,,89.0173265231498,,72.837469536039,48.5272187131806,,,,
EST,Estonia,2011,V,Current prices,14631077000.0,1415692000.0,813103000.0,602589000.0,0.5743502117692266,0.09675924745662948,0.055573694267346145,True,69.3230766923082,115.049345815859,,88.4735915385303,,75.0823565355891,60.51079651277,4.78347491700859,23.93391441698991,8.48496703898598,24.69454899201653
EST,Estonia,2012,V,Current prices,15676006000.0,1541380000.0,833746000.0,707634000.0,0.5409087960139615,0.09832734179866989,0.053186124067571804,True,74.3710640723397,102.620939823264,,91.2808704587886,,77.2776720818257,72.4778243119457,2.538792748274199,17.432279713038245,7.281828246655997,19.77668199533651
EST,Estonia,2013,V,Current prices,16590885999.999998,1654113000.0,873816000.0,780297000.0,0.5282686249367485,0.09970010040452332,0.0526684349467533,True,82.2932942667642,98.5051201488221,,91.7581139571502,,82.9710841015754,83.5217845880447,4.806020058866856,10.268443856569931,10.652301796729247,15.237709438635495
EST,Estonia,2014,V,Current prices,17496711000.0,1723433000.0,893369000.0,830064000.0,0.5183659591060401,0.09850039816054572,0.051059253364818105,True,93.5795160512097,100.232228523677,,100.32260866287,,93.7356972535359,93.3419223335482,2.2376564402574406,6.377956085951886,13.714631167710657,11.757576534001824
EST,Estonia,2015,V,Current prices,18063439000.0,1862528000.0,911283000.0,951244000.0,0.48927210758710743,0.10311037671176568,0.05044903132786619,True,100.0,100.0,,100.0,,100.0,100.0,2.005218448367918,14.598874303668152,6.860992896433449,7.132998228448528
EST,Estonia,2016,V,Current prices,18929303000.0,1986321000.0,945504000.0,1040817000.0,0.4760076543519401,0.10493365762067415,0.04994922422658669,True,104.744488138779,98.3294950997133,,99.8894064675139,,102.916007991161,106.47720266193,3.7552549537300806,9.416406305847925,4.744488138779013,6.477202661929993
EST,Estonia,2017,V,Current prices,20873029000.0,2205974000.0,1007837000.0,1198137000.0,0.45686712536049834,0.10568537992257857,0.048284175717860596,True,110.511223721941,96.6938081639196,,97.951371361764,,103.917016635619,114.281427857036,6.592568619487604,15.115049043203555,5.505526529970228,7.329479926219307
EST,Estonia,2018,V,Current prices,22558337000.0,2254383000.0,1061935999.9999999,1192447000.0,0.471053942475613,0.0999356911814909,0.04707510132506664,True,117.065957335106,95.6807308717655,,92.1078153926474,,106.294690886826,122.326778058169,5.367832298278374,-0.4749039550568934,5.931283169623991,7.03994546795268
EST,Estonia,2019,V,Current prices,24306423000.0,2461457000.0,1163246000.0,1298211000.0,0.47258432708757453,0.10126775955474814,0.04785755600484695,True,125.267186832033,95.8277575824038,,92.9603600962015,,110.385803447856,130.680653267017,9.540122945262253,8.869492732171746,7.00564851099339,6.829146766929117
EST,Estonia,2020,V,Current prices,24420493000.0,2892169000.0,1625540000.0,1266629000.0,0.5620487599445261,0.1184320480344111,0.06656458573543131,True,132.79166802083,106.198720482153,,97.3881070859283,,118.53863608954,125.220453130511,39.74172273104743,-2.432732429474105,6.0067455644919665,-4.178277350166959
EST,Estonia,2021,V,Current prices,27518856000.0,3178276000.0,1730817000.0,1447460000.0,0.5445773117249729,0.11549448131128706,0.06289567415157084,True,152.777618055954,117.564068714724,,103.231642784395,,131.1987279082,129.881278247032,6.476432447063751,14.27655611864247,15.050605458159438,3.7220957120026155
EST,Estonia,2022,V,Current prices,32173510000.0,3740299000.0,2063286000.0,1677013000.0,0.5516366472306091,0.11625399280339634,0.06412996281723692,True,186.759533101167,117.880181598732,,111.888627711719,,137.912927738051,158.562703964068,19.208789837400488,15.859022010970936,22.242731283300476,22.08280215912599
FIN,Finland,2010,V,Current prices,163620000000.0,18325000000.0,11361000000.0,6964000000.0,0.6199727148703956,0.11199731084219533,0.06943527686101944,True,93.8824999999999,109.919356169656,121.2913927827,102.783346951686,103.683543314603,103.932044182391,85.4046510404649,,,,
FIN,Finland,2011,V,Current prices,170454000000.0,19414000000.0,12269000000.0,7145000000.0,0.6319666220253425,0.1138958311333263,0.07197836366409706,True,96.8649999999999,109.758362592235,121.113743131948,102.238982241633,103.134410953499,103.79610380437,88.2528888252887,7.992254202975091,2.599080987937974,3.1768433946688823,3.3349914204020337
FIN,Finland,2012,V,Current prices,172417000000.0,20079000000.0,12800000000.0,7279000000.0,0.6374819463120673,0.11645603391776913,0.07423861916168359,True,99.205,108.42338561936,119.640652113084,102.770082095662,103.670162282413,103.383107355124,91.4987141498712,4.327981090553434,1.8754373687893677,2.4157332369794116,3.6778686429269847
FIN,Finland,2013,V,Current prices,175002000000.0,20967000000.0,13665000000.0,7302000000.0,0.6517384461296323,0.11981005931360784,0.07808482188774986,True,100.3525,106.576911780481,117.603145786092,102.359551187219,103.256035865149,102.119588794076,94.161471916147,6.757812500000004,0.3159774694326156,1.1566957310619408,2.910158673830421
FIN,Finland,2014,V,Current prices,176987000000.0,21663000000.0,14160000000.0,7503000000.0,0.6536490790749204,0.12239882025233492,0.08000587613779543,True,99.9949999999999,103.002900778742,113.659374758608,101.295679338441,102.18284642167,100.462253244704,97.085672208567,3.6223929747530192,2.7526705012325348,-0.35624423905742386,3.1055167606386602
FIN,Finland,2015,V,Current prices,182599000000.0,23174000000.0,15066000000.0,8108000000.0,0.6501251402433762,0.1269119765168484,0.08250866653158014,True,100.0,100.0,110.345799874857,100.0,100.875819273856,100.0,100.0,6.39830508474577,8.063441290150596,0.005000250012598961,3.001810385751069
FIN,Finland,2016,V,Current prices,187398000000.0,24027000000.0,15656000000.0,8371000000.0,0.6516002830149416,0.12821374827906382,0.08354411466504445,True,101.285,99.003096095347,109.245758287284,100.198659940665,101.076219116571,101.130678343654,102.302660230266,3.9161024824107216,3.243709916132209,1.2850000000000028,2.302660230265996
FIN,Finland,2017,V,Current prices,195707000000.0,24748000000.0,16052000000.0,8696000000.0,0.6486180701470826,0.12645434246092374,0.08202057156872262,True,102.3875,98.0945031553997,108.243164140093,99.4043920752803,100.274994900134,101.189649062555,104.374460437446,2.529381706693923,3.882451320033442,1.0885126129239309,2.0251674809987685
FIN,Finland,2018,V,Current prices,201314000000.0,25815000000.0,16700000000.0,9115000000.0,0.6469107108270385,0.12823251239357422,0.08295498574366413,True,103.335,97.1526119059038,107.203826706885,97.4960733052026,98.3499627064618,100.823605384941,106.361410636141,4.036880139546484,4.8183072677092875,0.9254059333414721,1.9036747019984146
FIN,Finland,2019,V,Current prices,207285000000.0,26676000000.0,17171000000.0,9505000000.0,0.6436872094766831,0.12869238005644404,0.08283763899944521,True,103.77,95.6390949684694,105.533724336032,94.9912160595307,95.8231674382498,100.263611116752,108.500335850033,2.8203592814371348,4.278661546900708,0.42096095224271046,2.010997410714288
FIN,Finland,2020,V,Current prices,206158000000.0,27499000000.0,17873000000.0,9626000000.0,0.6499509073057202,0.13338798397345725,0.0866956412072294,True,105.595,95.9815656673162,105.911626368011,96.2126665150192,97.0553155922481,101.641359813525,110.009761000976,4.088288393221129,1.273014203051015,1.7586971186277278,1.391170948105902
FIN,Finland,2021,V,Current prices,215307000000.0,28221000000.0,18408000000.0,9813000000.0,0.6522802168597852,0.13107330463013278,0.08549652356867171,True,110.455,99.5674507605334,109.868499956715,97.836423592392,98.6932938470651,104.019210706003,110.929261092926,2.9933419123818084,1.942655308539365,4.602490648231461,0.8358350055335917
FIN,Finland,2022,V,Current prices,231139000000.0,28892000000.0,18798000000.0,10094000000.0,0.6506299321611518,0.1249983775996262,0.08132768593789884,True,111.515,99.5462856246331,109.845145118211,95.3086317175539,96.1433630837843,98.6944959165619,112.026336202633,2.1186440677966045,2.8635483542239992,0.9596668326467883,0.988986223200361
FIN,Finland,2023,V,Current prices,239121000000.0,29943000000.0,19392000000.0,10551000000.0,0.6476304979460976,0.12522112236064586,0.0810970178277943,True,104.58,91.4766361206805,100.940625825977,85.4761253264529,86.2247417066069,88.6663775629068,114.334911433491,3.159910628790308,4.527442044779084,-6.218894319149893,2.060743311896096
FRA,France,2010,V,Current prices,1800982010000.0,230482890000.0,141296400000.0,89186490000.0,0.6130450724563545,0.12797623114514065,0.07845519789506393,True,100.575,106.800779175063,119.681553068943,103.739987556638,118.205890410926,104.824073494318,94.1652954376029,,,,
FRA,France,2011,V,Current prices,1849498002000.0,235771429000.0,145575000000.0,90196429000.0,0.6174412252470167,0.127478607030147,0.07871054731747691,True,106.55,111.825371886584,125.312139885805,108.144656560309,123.224763401054,109.076707738403,95.2808478539365,3.0281026268185185,1.132390118727633,5.940840169028072,1.1846746841810862
FRA,France,2012,V,Current prices,1873450000000.0,240715760000.0,148360000000.0,92355760000.0,0.6163285694297707,0.12848795537644453,0.07919079772612025,True,105.975,109.499620235248,122.705889521018,106.891197157684,121.796516798457,107.065915596103,96.7859277410555,1.9131032114030555,2.3940315863280937,-0.5396527451900557,1.5796247840135225
FRA,France,2013,V,Current prices,1897907941000.0,243083727000.0,150364000000.0,92719727000.0,0.6185687617007781,0.1280798302956255,0.07922618202481087,True,103.8,105.556579011026,118.287295376156,105.526145003281,120.241116521583,104.198700219068,98.3385526246086,1.3507684011863086,0.39409236630179034,-2.0523708421797515,1.6041845336308036
FRA,France,2014,V,Current prices,1925073524000.0,246855632000.0,152994000000.0,93861632000.0,0.6197711543401205,0.12823179422626563,0.07947436713071744,True,101.925,102.58653770879,114.959050409442,102.7036169897,117.025004346199,102.17988476941,99.3571800482115,1.7490888776568791,1.2315663957897627,-1.8063583815028927,1.0358373154945255
FRA,France,2015,V,Current prices,1967466006000.0,250513364000.0,156209000000.0,94304364000.0,0.623555556101989,0.12732792497356116,0.07939603506420126,True,100.0,100.0,112.060561723775,100.0,113.944384605203,100.0,100.0,2.101389596977654,0.4716858108753108,-1.8886436104979087,0.64697886099081
FRA,France,2016,V,Current prices,1996790000000.0,257241831000.0,159706000000.0,97535831000.0,0.6208399286350904,0.128827683932712,0.07998137009900891,True,100.925,100.595957396174,112.728394929561,99.6031011576475,113.49214066178,100.706535210615,100.326417475518,2.2386674263326745,3.426635696307745,0.924999999999998,0.3264174755180038
FRA,France,2017,V,Current prices,2046129034000.0,264348983000.0,163477000000.0,100871983000.0,0.6184135764199252,0.1291946786382388,0.07989574327109616,True,103.975,103.440430806959,115.91592781177,100.553146040868,114.574663457439,102.953767461238,100.515717461321,2.3612137302293057,3.420437357016004,3.0220460738171973,0.18868408796635094
FRA,France,2018,V,Current prices,2101769957000.0,270072137000.0,167223000000.0,102849137000.0,0.6191790158641949,0.12849747713850304,0.07956294143565018,True,107.125,106.861083774374,119.749130741677,101.338223152342,115.469214740783,104.084749600301,100.25146498114,2.291453843659963,1.960062587448097,3.02957441692715,-0.2628966761170304
FRA,France,2019,V,Current prices,2169269004000.0002,277995245000.0,171369000000.0,106626245000.0,0.6164457956825844,0.12815157755326503,0.07899850119280089,True,110.675,109.93502095221,123.193802010195,101.819856052158,116.018008384535,106.66963460469,100.670217449734,2.4793240164331376,3.6724741793409565,3.313885647607928,0.417702094101835
FRA,France,2020,V,Current prices,2056545200000.0,303856600000.0,188280900000.0,115575700000.0,0.6196373552524448,0.14775099521274807,0.09155203590954383,True,116.8,115.5747732002,129.513740059122,107.109934106277,122.045755268435,111.572882716918,101.057942420654,9.868704374770232,8.393294727766133,5.534221820646046,0.3851436708315559
FRA,France,2021,V,Current prices,2212764400000.0,310139400000.0,191251500000.0,118887900000.0,0.6166630231437863,0.14015925057362635,0.0864310271802999,True,124.575,122.226433751226,136.967628236561,109.481977485854,124.748565499864,117.422274420491,101.917492356188,1.5777489910022702,2.865827332216031,6.6566780821917915,0.8505515894595694
FRA,France,2022,V,Current prices,2368609400000.0,325412400000.0,198737100000.0,126675300000.0,0.6107238076975555,0.13738542116737357,0.08390454753747072,True,132.425,129.059057890045,144.624305226996,111.207521255823,126.714725729648,119.075086174531,102.60506730462,3.9140085175802586,6.550204015715644,6.301424844471204,0.6746388009911009
GBR,United Kingdom,1997,V,Current prices,867029000000.0,126672000000.0,100686000000.0,25986000000.0,0.7948560060629026,0.14609891941330683,0.11612760357496693,True,31.9708416532498,51.7244441996772,61.7381208268188,56.3005832676682,62.8202097841024,42.374001437368,61.8095476130968,,,,
GBR,United Kingdom,1998,V,Current prices,904094000000.0,130565000000.0,104114000000.0,26451000000.0,0.7974112511009842,0.14441529310005374,0.11515837954902919,True,35.6338809032728,55.972107870748,66.8081177502058,61.5952804623447,68.7280346983051,46.5495952358959,63.6590852286929,3.4046441411914374,1.7894250750404073,11.457437654446778,2.9923170238576713
GBR,United Kingdom,1999,V,Current prices,939664000000.0,136880000000.0,110178000000.0,26702000000.0,0.8049240210403273,0.1456690902279964,0.1172525498476051,True,39.5099674669412,60.2330644942449,71.8939810964363,65.2718520340933,72.8303544971152,51.2377181412135,65.5836040989754,5.824384808959415,0.9489244262976815,10.877531342123348,3.0231645072635427
GBR,United Kingdom,2000,V,Current prices,991522000000.0,141846000000.0,114416000000.0,27430000000.0,0.8066212653159059,0.1430588529553555,0.115394312985491,True,45.4065672395455,67.0817070839796,80.0684976184983,71.1377681411187,79.3755456662252,58.7407284373284,67.6830792301926,3.846502931619744,2.7263875365141077,14.924334669569417,3.2012195121951192
GBR,United Kingdom,2001,V,Current prices,1035524000000.0,145264000000.0,117091000000.0,28173000000.0,0.806056559092411,0.14028066949679582,0.113074153761767,True,49.1039689605986,70.1947598390471,83.7842268081765,74.0221125919033,82.5938981764727,62.9957993468188,69.9575106223445,2.337959725912464,2.708713087860004,8.142878763653716,3.3604135893647413
GBR,United Kingdom,2002,V,Current prices,1075364000000.0,147784000000.0,117235000000.0,30549000000.0,0.7932861473501868,0.13742695496594642,0.10901889964700325,True,57.0365450501701,79.4113018926773,94.7850600837525,83.8016680125486,93.5059294106678,72.5389687676499,71.8070482379406,0.12298127097727374,8.433606644659775,16.15465360027548,2.6438013576277175
GBR,United Kingdom,2003,V,Current prices,1137060000000.0,152840000000.0,120533000000.0,32307000000.0,0.7886220884585187,0.13441682936696392,0.10600408069934744,True,65.9701342419181,90.5504117253811,108.080663727164,94.1891522472249,105.096287820439,82.7773890903771,72.8567858035492,2.8131530686228423,5.754689187862128,15.662921349618752,1.461886529759826
GBR,United Kingdom,2004,V,Current prices,1193919000000.0,156177000000.0,124251000000.0,31926000000.0,0.7955780940855568,0.1308103816088026,0.10406987408693555,True,73.8014441343635,99.0762392321887,118.257062466838,101.208159065424,112.928097993682,90.8042413153753,74.4813796550863,3.0846324243153367,-1.1793109852353933,11.870992809757407,2.2298456260720245
GBR,United Kingdom,2005,V,Current prices,1264406000000.0,162758000000.0,127346000000.0,35412000000.0,0.7824254414529547,0.12872289438677134,0.10071606746567163,True,78.9300526748683,102.404632548849,122.229821419063,104.668341063216,116.788970232946,95.2678897169912,77.0807298175457,2.490925626353113,10.919000187934591,6.949198082313424,3.4899328859060663
GBR,United Kingdom,2006,V,Current prices,1331969000000.0,170567000000.0,134029000000.0,36538000000.0,0.785785058071022,0.1280562835921857,0.10062471423884489,True,85.1300371749071,107.103675058634,127.838582590464,108.487289936262,121.050154672528,99.6471821203838,79.4801299675082,5.2479072762395385,3.1797130916073613,7.855036567095697,3.112840466926059
GBR,United Kingdom,2007,V,Current prices,1397250000000.0,176727000000.0,137301000000.0,39426000000.0,0.7769101495526999,0.1264820182501342,0.09826516371443908,True,93.5602660993348,114.128881739138,136.223845411268,113.996433637537,127.197259071064,107.937080502226,81.9795051237192,2.4412627118011843,7.904099841261147,9.902766642879591,3.1446540880503804
GBR,United Kingdom,2008,V,Current prices,1450640000000.0,190097000000.0,146069000000.0,44028000000.0,0.7683919262271367,0.13104353940329785,0.10069279766172172,True,89.3870265324337,105.567060372995,126.004484523406,106.42197375648,118.745674183087,99.1363814727095,84.7288177955512,6.385969512239531,11.672500380459594,-4.460482789211273,3.353658536585291
GBR,United Kingdom,2009,V,Current prices,1420781000000.0,172523000000.0,127334000000.0,45189000000.0,0.7380697066478092,0.12142828486585899,0.08962253858969116,True,81.4005464986338,94.294272256177,112.549322934342,95.2612430572597,106.292527107584,89.4275361145332,86.3284178955263,-12.826130116588741,2.636958299264114,-8.934719437056149,1.887905604719875
GBR,United Kingdom,2010,V,Current prices,1456269000000.0,169144000000.0,122178000000.0,46966000000.0,0.7223312680319728,0.11614887084735032,0.08389796115964838,True,86.0892847767881,98.3970616153111,117.446398371313,99.6862315399478,111.229930747847,93.7411371641265,87.5031242189454,-4.049193459720102,3.9323729226139026,5.760082063125949,1.3607411696583194
GBR,United Kingdom,2011,V,Current prices,1491648000000.0,178136000000.0,125031000000.0,53105000000.0,0.70188507657071,0.11942227656927104,0.08382071373407131,True,84.8177879555301,94.5987537809784,112.912751047656,97.8301845576654,109.158952899504,88.8868169942307,89.677580604849,2.3351176152826225,13.071157858876624,-1.476951312297159,2.485004284490233
GBR,United Kingdom,2012,V,Current prices,1539594000000.0,195009000000.0,133969000000.0,61040000000.0,0.6869888056448676,0.12666261365009215,0.08701579767133413,True,85.1777870555324,91.9258497673814,109.722381900084,95.0023495267994,106.003653619046,87.8043166394557,92.6768307923021,7.148627140469155,14.942095847848602,0.4244382088708365,3.344481605351124
GBR,United Kingdom,2013,V,Current prices,1597544000000.0,200366000000.0,136094000000.0,64272000000.0,0.6792270145633491,0.1254212716519858,0.08518951590691712,True,87.3482816292959,91.9739390535468,109.779781108635,94.270315265913,105.186849544044,88.0941099778396,94.9762559360162,1.5861878494278558,5.29488859764089,2.548193195425963,2.48112189859766
GBR,United Kingdom,2014,V,Current prices,1673299000000.0,215736000000.0,146844000000.0,68892000000.0,0.6806652575369897,0.12892854176091662,0.08775717908156283,True,94.3395141512146,97.0564244872486,115.846218451008,99.1058134314452,110.582300026771,94.0273014704597,97.2006998250439,7.898952194806541,7.188200149365187,8.003858108610928,2.3421052631578343
GBR,United Kingdom,2015,V,Current prices,1720591000000.0,229693000000.0,156363000000.0,73330000000.0,0.6807477807334137,0.13349657181747435,0.09087749500026444,True,100.0,100.0,119.359660180175,100.0,111.580033701317,100.0,100.0,6.4823894745444255,6.441967136968008,6.000121899835453,2.879917716636493
GBR,United Kingdom,2016,V,Current prices,1787743000000.0,242050000000.0,166643000000.0,75407000000.0,0.6884651931419128,0.1353941813784196,0.09321418123298483,True,106.978982552544,105.174232706992,125.535606756172,105.816750766293,118.070366166669,105.662399968677,101.724568857786,6.574445361114845,2.8324014727942215,6.978982552543989,1.7245688577860019
GBR,United Kingdom,2017,V,Current prices,1871505000000.0,244756000000.0,168033000000.0,76723000000.0,0.6865327101276373,0.1307803078271231,0.08978495916388148,True,111.823470441324,108.895608518923,129.97742827932,108.433079833136,120.989667021189,108.534812960441,102.699325168708,0.8341184448191541,1.7451960693304347,4.528448273847241,0.958230958230688
GBR,United Kingdom,2018,V,Current prices,1939546000000.0,258455000000.0,180346000000.0,78109000000.0,0.6977849142016985,0.13325541131790636,0.09298361575337734,True,115.432961417596,111.89297690431,133.555076998466,108.192483417934,120.721209460023,109.817549359177,103.174206448388,7.3277272916629554,1.8064987031268354,3.227847393777661,0.4623996106107864
GBR,United Kingdom,2019,V,Current prices,2014747000000.0,263546000000.0,183015000000.0,80531000000.0,0.6944328504321826,0.13080848364583741,0.09083770815889042,True,116.596708508229,112.205949201117,133.928639668393,105.845632106517,118.102591975824,109.369164153467,103.924018995251,1.479933017643864,3.1007950428247666,1.0081583945706463,0.7267441860462354
GBR,United Kingdom,2020,V,Current prices,1918391000000.0,260379000000.0,180670000000.0,79709000000.0,0.6938731618141248,0.13572780522844405,0.09417788135995217,True,119.930450173875,113.793757013534,135.823841677609,109.422040488916,122.093149654202,112.040776356038,105.398650337416,-1.2813157391470598,-1.0207249382225503,2.8592073552494046,1.4189514189519414
GBR,United Kingdom,2021,V,Current prices,2086257000000.0,274818000000.0,190535000000.0,84283000000.0,0.6933133928636407,0.13172777850475756,0.09132863304952361,True,129.679425801435,121.035104970792,144.467089991856,113.687826159835,126.852914743439,118.00962650289,107.148212946764,5.460231361045009,5.738373332998781,8.128857694960656,1.6599478302113724
GBR,United Kingdom,2022,V,Current prices,2322457000000.0,307321000000.0,216152000000.0,91169000000.0,0.7033427588742716,0.13232580840032776,0.09307039915055478,True,141.695145762136,127.776267629081,152.513318832981,118.491750186441,132.213134791312,118.837965380996,110.89727568108,13.444773926050324,8.170093613184148,9.265710336425649,3.4989503149051027
GBR,United Kingdom,2023,V,Current prices,2497390000000.0,346849000000.0,254256000000.0,92593000000.0,0.7330452156413886,0.1388845955177205,0.10180868827055446,True,142.112894717763,121.251925258811,144.725885950836,111.569784366089,124.489602996169,111.430225502476,117.270682329418,17.628335615677848,1.5619344294661497,0.29482234792168605,5.747126436781658
GRC,Greece,2010,V,Current prices,197195619000.0,33015449000.0,17557941000.0,15457508000.0,0.5318098505944898,0.16742486048840668,0.08903819004214288,True,152.88,124.178049930461,101.93860903284,117.45946350517,108.340861690016,150.618162708163,123.135090764868,,,,
GRC,Greece,2011,V,Current prices,178347308000.0,32326856000.0,18935657000.0,13391199000.0,0.5857562207719798,0.18125788587736913,0.10617293421664654,True,144.52275,116.403653680726,95.5565540705348,122.301744207396,112.807226920784,138.332216870006,124.163415687744,7.846683161767087,-13.367672201754644,-5.466542386185235,0.8351193120404998
GRC,Greece,2012,V,Current prices,163766192000.0,29834081000.0,17489608000.0,12344473000.0,0.5862291518213684,0.1821748471748064,0.10679620614247415,True,127.67075,104.985813926476,86.1835714591965,123.660182721757,114.060207266571,120.989746219337,121.580840881437,-7.636645509580154,-7.816521881274408,-11.660447922558903,-2.0799804773427577
GRC,Greece,2013,V,Current prices,157795283000.0,28428386000.0,15775886000.0,12652500000.0,0.5549342829381873,0.18015992277791978,0.09997691756096411,True,113.81625,100.442820718344,82.4541973166487,117.045460682155,107.958998694484,109.666869018409,113.328566500358,-9.798515781485783,2.4952624547034175,-10.851741687113137,-6.787479278191899
GRC,Greece,2014,V,Current prices,155355365000.0,27661950000.0,14741214000.0,12920736000.0,0.5329058146659943,0.17805596864968262,0.09488706102940185,True,105.32025,100.663125530707,82.6350470412831,107.679889438423,99.3204945800803,103.948945398169,104.638067152145,-6.558566663070464,2.120023710729102,-7.464663437777997,-7.668410195751962
GRC,Greece,2015,V,Current prices,154780625000.0,28353144000.0,14839824000.0,13513320000.0,0.5233925380550389,0.18318277239157033,0.09587649616998252,True,100.0,100.0,82.0906827655331,100.0,92.2368095826073,100.0,100.0,0.6689408348593329,4.5863022044564605,-5.051497693938256,-4.43248549822809
GRC,Greece,2016,V,Current prices,152015611000.0,27466267000.0,14807772000.0,12658495000.0,0.5391257574245528,0.18068056839241334,0.09740954828645855,True,97.6229999999998,100.246541977059,82.2930707578045,98.1335816114289,90.5152848075262,98.4571020978483,97.3881426958893,-0.21598638905691026,-6.325795585392779,-2.3770000000001956,-2.6118573041106985
GRC,Greece,2017,V,Current prices,154782296000.0,27439449000.0,15147330000.0,12292119000.0,0.5520274842253574,0.17727769718572983,0.09786216118670316,True,96.6342499999998,101.515627654749,83.3348718554999,95.688825009796,88.2603193161199,97.1734141060771,95.2241753581869,2.2931066199560535,-2.894309315601895,-1.0128248466037881,-2.2220028822808047
GRC,Greece,2018,V,Current prices,156634919000.0,26825802000.0,15157677000.0,11668124000.0,0.5650409631741858,0.17126322898663485,0.09677073986292929,True,98.3789999999999,106.749179915641,87.6311306393573,97.1779356576723,89.6338274688758,98.8539313504041,92.1640330876975,0.06830906833086292,-5.0763826806427765,1.8055192646500684,-3.2136190825267086
GRC,Greece,2019,V,Current prices,160732626000.0,29183982000.0,16097212000.0,13086770000.0,0.5515769575241651,0.18156850122015675,0.10014900148523673,True,105.4815,114.456135519757,93.9578231152122,96.232770746135,88.7620375091796,105.921004484877,92.1640330876975,6.198410218135675,12.158304111269302,7.219528557924049,0.0
GRC,Greece,2020,V,Current prices,147236264000.0,27003843000.0,17391207000.0,9612636000.0,0.6440271112522762,0.18340483700401417,0.11811768736538981,True,110.22325,119.601183436101,98.1814280783532,105.183449000272,97.0178575667996,112.000916649253,92.1640330876975,8.038628055591236,-26.546917230149226,4.495338045060038,0.0
GRC,Greece,2021,V,Current prices,161015426000.0,28545988000.0,18042179000.0,10503809000.0,0.6320390452066329,0.17728728674729588,0.11205248744303542,True,118.60575,128.54105467591,105.520229417472,101.438287498669,93.5634400840055,119.357181987417,92.2729705795272,3.7431099520579547,9.270849327905474,7.605019812063252,0.11819957111256496
GRC,Greece,2022,V,Current prices,182631289000.0,29326926000.0,19416217000.0,9910709000.0,0.6620611038470244,0.16057996502450356,0.1063137488998394,True,132.76675,142.03191706925,116.594970467123,106.629352983269,98.351513270344,125.504818005159,93.4594454905416,7.615698746808808,-5.646523085101796,11.939556050191502,1.2858314884225175
HRV,Croatia,2010,V,Current prices,37224086000.0,3602885000.0,2937416000.0,665469000.0,0.8152955201179055,0.0967890789850421,0.07891170249284295,True,110.504737381566,114.137010116992,,111.187155805507,,117.95541588042,96.8125265622785,,,,
HRV,Croatia,2011,V,Current prices,38464401000.0,3624863000.0,2817414000.0,807449000.0,0.777247029749814,0.0942394241366192,0.0732473124955202,True,110.577235569111,112.940890468829,,109.758222642891,,115.519815633962,97.979183506804,-4.085291290031778,21.335328918401906,0.06560640680468577,1.2050681724280699
HRV,Croatia,2012,V,Current prices,36988373000.0,3803948000.0,2936541000.0,867407000.0,0.7719719091848785,0.10284172272189425,0.07939092103348261,True,108.789780255493,111.238245541944,,108.741117794091,,110.190987162262,97.9241839651336,4.228239087333274,7.425608304673115,-1.6164767589083362,-0.056133904878474805
HRV,Croatia,2013,V,Current prices,37353321000.0,3626694000.0,2858894000.0,767800000.0,0.7882920367695758,0.09709160799919236,0.07653654142291659,True,104.409889752756,106.865960751322,,104.451381974282,,103.738246782023,97.9058507845767,-2.6441653632624185,-11.483305991305116,-4.026012822574709,-0.018721810909771985
HRV,Croatia,2014,V,Current prices,37205071000.0,3665669000.0,2859427000.0,806241000.0,0.7800559734116747,0.09852605845047306,0.07685584043099931,True,102.839929001775,103.606039602876,,101.590549096083,,102.51537880029,99.4000049999583,0.01864357335388256,5.0066423547799,-1.503651382736526,1.526113305188681
HRV,Croatia,2015,V,Current prices,37341206000.0,3691756000.0,2867651000.0,824105000.0,0.7767715417812011,0.0988654731719163,0.0767958860246774,True,100.0,100.0,,100.0,,100.0,100.0,0.2876100701294293,2.21571465603958,-2.7615042419233737,0.6036166698804024
HRV,Croatia,2016,V,Current prices,38619356000.0,3733573000.0,2868134000.0,865440000.0,0.7682008628196101,0.09667621075814936,0.0742667485185408,True,101.032474188145,101.991371409673,,94.985024664092,,102.16502954018,98.9200089999249,0.016843053774673322,5.015744352964724,1.032474188145005,-1.0799910000750979
HRV,Croatia,2017,V,Current prices,40307954000.0,3795653000.0,2909117000.0,886536000.0,0.7664338652663981,0.09416635237799467,0.07217228143110414,True,104.984875378116,106.181633623869,,95.3292310582019,,105.246244180872,98.6391780068499,1.4289081333020093,2.4376039933444282,3.912010689365819,-0.2838970557263232
HRV,Croatia,2018,V,Current prices,42030757000.0,3832725000.0,2930355000.0,902370000.0,0.7645617674109152,0.09118857887808207,0.06971930103471607,True,111.797205069873,109.850506209015,,94.8669961316777,,110.496555686629,101.167490270914,0.7300497023667418,1.7860526814478028,6.488867722347202,2.563192754798216
HRV,Croatia,2019,V,Current prices,45117833000.0,4109295000.0,3029652000.0,1079643000.0,0.737268071530518,0.09107917483536943,0.0671497675874637,True,121.636959076023,114.137018023971,,97.2786192066043,,118.891321573348,106.090782576812,3.388565549225264,19.645267462349135,8.801431127012682,4.86647666430593
HRV,Croatia,2020,V,Current prices,42195913000.0,4156796999.9999995,3106612000.0,1050185000.0,0.7473571598516839,0.09851183928642566,0.07362352842086863,True,130.574235644109,120.275635680813,,103.181246277829,,126.964323435922,108.400763326972,2.540225742098423,-2.728494511611712,7.347500822098163,2.1773623438846146
HRV,Croatia,2021,V,Current prices,47841497000.0,4428691000.0,3182168000.0,1246524000.0,0.7185346640801988,0.09257007572317397,0.06651480826362938,True,140.363990900228,128.466676481489,,96.9111957107712,,132.936400785394,108.896592528395,2.432102882497067,18.695658383999003,7.497463192357334,0.4574037914543361
HRV,Croatia,2022,V,Current prices,56304423000.0,5063192000.0,3429805000.0,1633388000.0,0.6773997509871243,0.08992529769819327,0.060915374268199145,True,161.178470538237,142.965193357025,,98.6219924023178,,138.035118538357,112.355730368913,7.782021565171915,31.035423305126898,14.828931198461092,3.1765345087505947
HUN,Hungary,2010,V,Current prices,23054029000000.0,2094542000000.0,1399364000000.0,695178000000.0,0.6681002338458718,0.09085362042357108,0.06069932505073191,True,93.6600000000001,103.494275500736,,118.016109695548,,104.993655429144,90.5464334453568,,,,
HUN,Hungary,2011,V,Current prices,24058485000000.0,2123562000000.0,1435112000000.0,688450000000.0,0.6758041441690895,0.08826665519462261,0.059650971372470045,True,90.4475000000001,98.1398696807468,,105.790357212196,,98.1764612888934,92.2223432777658,2.554589084755654,-0.9678096832753669,-3.4299594277172663,1.8508844232063337
HUN,Hungary,2012,V,Current prices,24191258000000.0,2135998000000.0,1465433000000.0,670565000000.0,0.6860647809595327,0.08829627628294485,0.060576965447600946,True,87.0975000000001,91.0160828805016,,99.1484658749791,,89.8032491831258,95.7630029236998,2.1127967712624596,-2.597864768683278,-3.703806075347582,3.8392644559787747
HUN,Hungary,2013,V,Current prices,25520533000000.0,2206128000000.0,1488942000000.0,717186000000.0,0.6749118818128413,0.08644521648509457,0.058342903731673626,True,84.8700000000001,86.8880239725238,,92.8137636442771,,86.2518663336749,97.7280652271936,1.6042357446570454,6.95249528382782,-2.5574786876775946,2.0520057261147917
HUN,Hungary,2014,V,Current prices,27485682000000.0,2273248000000.0,1508138000000.0,765110000000.0,0.6634287152127705,0.08270662521672192,0.05486995010711395,True,88.4275000000001,90.2589369236261,,92.5166714250269,,88.8577806372028,98.0231226976879,1.2892375928679645,6.682227483525893,4.191704960527853,0.3019168237991421
HUN,Hungary,2015,V,Current prices,29258462000000.0,2328439000000.0,1541903000000.0,786536000000.0,0.6622045928624284,0.07958172921051011,0.05269938659113387,True,100.0,100.0,,100.0,,100.0,100.0,2.2388534736211163,2.8003816444694296,13.086992168725665,2.0167458941386496
HUN,Hungary,2016,V,Current prices,30675148000000.0,2724174000000.0,1857485000000.0,866689000000.0,0.6818525542054216,0.08880719988702256,0.06055341607479775,True,113.3775,107.772667954676,,106.909479003776,,112.312218812435,105.234264476574,20.4670462409114,10.19063335943937,13.377499999999998,5.234264476574002
HUN,Hungary,2017,V,Current prices,33315601000000.0,2999933000000.0,2068443000000.0,931490000000.0,0.6894963987529055,0.09004589171301457,0.06208631805861764,True,127.24,117.365916181853,,109.057074875138,,122.035533025648,108.432664156734,11.357184580225411,7.476845788973896,12.22685277061144,3.0393139497563615
HUN,Hungary,2018,V,Current prices,36641892000000.0,3437238000000.0,2386021000000.0,1051217000000.0,0.6941681082310855,0.09380623686134984,0.06511729798232034,True,145.495,127.730260091812,,111.173249795845,,134.810463819898,113.908863609114,15.353480854923252,12.853278081353526,14.34690348946872,5.050322700237642
HUN,Hungary,2019,V,Current prices,40257788000000.0,4014346000000.0,2818789000000.0,1195557000000.0,0.7021788854274146,0.09971601022887795,0.07001847692178219,True,170.1675,136.627586962205,,116.732777352312,,150.962736542825,124.607562539244,18.137644220231095,13.730752071170848,16.957627409876608,9.392332248035862
HUN,Hungary,2020,V,Current prices,41249705000000.0,4299815000000.0,3012463000000.0,1287352000000.0,0.7006029329168814,0.10423868485847353,0.07302992833524506,True,178.5775,137.516172829764,,119.140278818481,,154.099327570414,129.936237006377,6.87082289593155,7.678011169689114,4.942189313470546,4.276365220975098
HUN,Hungary,2021,V,Current prices,47068878000000.0,4951714000000.0,3480444000000.0,1471270000000.0,0.7028766200955872,0.10520144542217472,0.07394363638750853,True,208.0375,157.103711521004,,120.910832340601,,169.569119760979,132.397036760297,15.534829805378525,14.286535461940474,16.497039100670573,1.8938517927060028
HUN,Hungary,2022,V,Current prices,56052434000000.0,6493919000000.0,4807615000000.0,1686304000000.0,0.7403256800708479,0.11585436236363973,0.08576995960603602,True,254.515,174.008129728926,,123.633657942507,,179.949701389859,146.353085364692,38.13223255423732,14.61553623740035,22.340924112239378,10.541058127805547
HUN,Hungary,2023,V,Current prices,65157153000000.0,7452859000000.0,5452148000000.0,2000711000000.0,0.7315512073957122,0.11438282148392825,0.08367689116189592,True,272.5425,163.836422145538,,112.242187548967,,169.245159580249,166.511258348875,13.406501976551777,18.644740212915355,7.083079582735796,13.773657681320195
IND,India,2011,V,Current prices,81675878289000.0,6014261402000.0,5500289130000.0,513972272000.0,0.9145410819973535,0.07363571139962866,0.06734288317706125,True,53.9063652340869,,,,,69.1999140727287,,,,,
IND,India,2012,V,Current prices,92713825612000.0,7008872626000.0,6408997314000.0,599875312000.0,0.9144120111735642,0.07559684415711175,0.06912666230407906,True,66.9653325866685,,,,,79.3806537456437,,16.52109848269012,16.713555318019168,24.225278955227992,
IND,India,2013,V,Current prices,103631540100000.0,8242003600000.0,7241760300000.0,1000243300000.0,0.8786407591474481,0.07953180655278132,0.06987988688590377,True,76.6933082667293,,,,,84.4161891408467,,12.993654782486619,66.7418678500308,14.526883245850497,
IND,India,2014,V,Current prices,115042790200000.0,8920320000000.0,7998860000000.0,921460000000.0,0.8967010152102167,0.07753914855935057,0.06952943323170546,True,88.0452798868003,,,,,91.2856754853174,,10.454636285047991,-7.876413668554438,14.80177590017413,
IND,India,2015,V,Current prices,125666470000000.0,9468940000000.0,8376720000000.0,1092220000000.0,0.8846523475700554,0.07534977309380936,0.06665835365630944,True,100.0,,,,,100.0,,4.72392315905017,18.531460942417468,13.577922778563334,
IND,India,2016,V,Current prices,139651976681000.0,10158450000000.0,8962580000000.0,1195870000000.0,0.8822783003312513,0.07274118305682445,0.06417796735145949,True,106.684483288792,,,,,102.551221166166,,6.993906922996107,9.489846367947852,6.684483288791987,
IND,India,2017,V,Current prices,155056668451000.0,10866797305000.0,9788757980000.0,1078039325000.0,0.9007951197816144,0.0700827472533634,0.0631301967067181,True,115.653710865723,,,,,107.510052686892,,9.218082070118205,-9.853134119929418,8.40724658397749,
IND,India,2018,V,Current prices,171751278237000.0,11931817438000.0,10715859228000.0,1215958209000.0,0.8980911150947162,0.06947149133606596,0.0623917291213004,True,122.247444381389,,,,,108.892553998312,,9.471081519169399,12.793492853333532,5.701272761858456,
IND,India,2019,V,Current prices,183811147656000.0,12594648300000.0,11265251700000.0,1329396600000.0,0.894447501166031,0.06851950200305973,0.06128709734777763,True,126.300934247665,,,,,108.535594448944,,5.12691012741624,9.329135669332867,3.3158074483993882,
IND,India,2020,V,Current prices,182109970956000.0,12849292733000.0,11605290000000.0,1244002733000.0,0.9031851200801808,0.0705578759117179,0.06372682362792743,True,129.464426338934,,,,,106.711277087837,,3.018470506078441,-6.423505746892988,2.504725804375818,
IND,India,2021,V,Current prices,216355861503000.0,14540404063000.0,13115380000000.0,1425024063000.0,0.901995566503811,0.0672059631848633,0.06061948083536503,True,132.747918130204,,,,,103.599881126378,,13.012083282709863,14.55152188962272,2.5362115942752617,
IRL,Ireland,2022,V,Current prices,494026996000.0,25485762000.0,17586571000.0,7899191000.0,0.6900547450768786,0.05158779217806146,0.03559840078051119,True,163.97725,111.674336014527,112.529857839202,118.342479789717,110.896978628195,140.962708182253,146.849632342482,,,,
ISR,Israel,2014,V,Current prices,972315259000.0,148910545000.0,127055055000.0,21855490000.0,0.8532307433298293,0.1531504762695491,0.1306726947087848,True,94.46675,95.9568699583938,107.699424987396,97.0311237832257,105.76986087693,94.0826180972331,98.4518200387045,,,,
ITA,Italy,2010,V,Current prices,1443246520000.0,188745831000.0,123997059000.0,64748773000.0,0.6569525713126877,0.13077864965162014,0.08591537016143298,True,118.123454691363,124.044415063118,111.892181159549,118.98648606533,120.902220288283,126.724217302604,95.2257865725463,,,,
ITA,Italy,2011,V,Current prices,1470334050000.0,195793234000.0,128897090000.0,66896144000.0,0.6583327082691733,0.13316241571090598,0.08766517377462625,True,119.691950770123,123.698725479427,111.580357676777,118.106665689532,120.008234421431,124.793808689753,96.7621620843307,3.951731629376787,3.3164659351923254,1.3278447390979498,1.6134028051466132
ITA,Italy,2012,V,Current prices,1448020965000.0,199877575000.0,132466660000.0,67410914999.99999,0.6627389790975801,0.1380350007570505,0.09148117548146134,True,116.642208394479,117.986662289878,106.427887016372,119.393760776563,121.316052299663,118.418670523364,98.8731044755048,2.769317755738321,0.7695077312677379,-2.547992873389837,2.181578362557013
ITA,Italy,2013,V,Current prices,1444106062000.0,201030650000.0,135418082000.0,65612568000.0,0.673619082463296,0.1392076768389052,0.09377294754407035,True,109.032727418181,108.845070404549,98.1818675982515,111.49843352498,113.293606842328,109.461918335714,100.17460113667,2.2280489294438377,-2.667738599898828,-6.523779925842166,1.3163303287272
ITA,Italy,2014,V,Current prices,1457859174000.0,203587451000.0,136862872000.0,66724579000.0,0.6722559338885774,0.139648228464624,0.09387935024237122,True,103.94974012565,104.090618145116,93.8931937933395,105.470288406303,107.168405963063,104.100235632498,99.8650932115992,1.06691069513154,1.6948140179485094,-4.661891353993064,-0.30896846262311595
ITA,Italy,2015,V,Current prices,1488049000000.0,205209600000.0,138959900000.0,66249700000.0,0.6771608150885728,0.13790513618839165,0.09338395442623193,True,100.0,100.0,90.2033204014983,100.0,101.610043532088,100.0,100.0,1.5322110148324297,-0.7117002566625397,-3.7996632996635915,0.13508903267627215
ITA,Italy,2016,V,Current prices,1522753800000.0,207370600000.0,140995100000.0,66375500000.0,0.6799184648161312,0.13618130521165012,0.09259218397616213,True,100.261249346876,99.9609656499861,90.1681101216885,98.7453673421661,100.335210742295,99.7421169734347,100.300361151325,1.4645951817754632,0.189887652321441,0.26124934687599133,0.3003611513250126
ITA,Italy,2017,V,Current prices,1557795800000.0,209694800000.0,142973000000.0,66721800000.0,0.681814713574204,0.13460994053264233,0.09177903804850418,True,99.1575021062446,98.6641344740453,88.9983253409881,95.3510890182809,96.8862830597952,97.332658496259,100.500345272586,1.4028147077451703,0.5217286498783391,-1.100871221754618,0.19938524544220737
ITA,Italy,2018,V,Current prices,1589576200000.0,212350200000.0,145192400000.0,67157800000.0,0.6837403496676716,0.13358919188649152,0.09134032077229139,True,98.6057534856161,97.7423742998654,88.1668670577393,93.239599202877,94.7407973391878,95.5196388060087,100.883639838997,1.5523210676141597,0.6534595889199579,-0.5564365871553734,0.3813863179985999
ITA,Italy,2019,V,Current prices,1611368500000.0,216862600000.0,146970400000.0,69892200000.0,0.6777120628453224,0.13458287163985147,0.09120843556269097,True,98.5185037037406,97.389928481188,87.848949226676,92.2562222610757,93.741587600539,94.5867415429143,101.158618005731,1.2245820029147536,4.071604489724212,-0.08848345942432667,0.2725696328689686
ITA,Italy,2020,V,Current prices,1496321900000.0,213196600000.0,150515300000.0,62681300000.0,0.7059929661167205,0.14248043819982853,0.10059018717830702,True,100.406498983752,99.0199588481152,89.3192907411971,96.0217886789562,97.567781276977,96.1459355479619,101.400273818259,2.4119822767033394,-10.317174162495956,1.9163864746554404,0.23888801299589701
ITA,Italy,2021,V,Current prices,1644016400000.0,216931900000.0,152114700000.0,64817200000.0,0.7012094578989997,0.13195239414886614,0.09252626676960157,True,102.904242739393,101.440334710342,91.502550135122,93.2801536711323,94.7820047520362,97.1267187934538,101.441945509527,1.0626162257258986,3.4075553634018485,2.48763155863565,0.04109623149803898
ITA,Italy,2022,V,Current prices,1793606600000.0,226687800000.0,156528300000.0,70159500000.0,0.6905016502873115,0.12638657774787404,0.08727014050907261,True,106.854232864418,104.15650299005,93.9526241111105,90.8598117456353,92.3226942679133,94.4774204233336,102.591854206776,2.901494727334053,8.242102404917206,3.838510463585476,1.1335633316900573
LTU,Lithuania,2010,V,Current prices,25209752000.0,1689569000.0,990929000.0,698641000.0,0.5864980950763182,0.06702045303738013,0.0393073680375753,True,84.2154605386513,133.107819602374,,108.158142758652,,90.7764238892048,63.1121156556058,,,,
LTU,Lithuania,2011,V,Current prices,28147838000.0,1754035000.0,1018540000.0,735495000.0,0.5806839658273638,0.06231508792966622,0.03618537238987946,True,89.771724429311,138.691535368087,,108.199067404486,,92.7322884797982,64.5683857284194,2.7863752095256045,5.275098369548892,6.59767678656773,2.307433458197261
LTU,Lithuania,2012,V,Current prices,30151418000.0,1843725000.0,1061890000.0000001,781835000.0,0.5759481484494706,0.061148865370112944,0.0352185757897025,True,89.5652239130598,125.623099678203,,103.828719526854,,89.4729772688555,71.1677435583872,4.25609205333124,6.300518698291624,-0.2300284611484904,10.220726065113839
LTU,Lithuania,2013,V,Current prices,31693426000.0,2002632000.0,1138279000.0,864353000.0,0.568391496790224,0.06318761499624559,0.035915303066320445,True,90.6427266068165,119.365946449126,,97.9923972122367,,89.7142238771644,75.7968012898401,7.193682961512016,10.554400864632573,1.203036900574972,6.504432345329514
LTU,Lithuania,2014,V,Current prices,33067677000.000004,2146081000.0000002,1189039000.0,957042000.0,0.554051314931729,0.06489966017268162,0.03595774205729661,True,96.476741191853,113.743730886283,,100.988905059822,,95.4923710958926,84.6537192326861,4.459363653374959,10.723512268714286,6.436274374603568,11.685081417852894
LTU,Lithuania,2015,V,Current prices,33603595999.999996,2266512000.0,1193834000.0,1072678000.0000001,0.5267274119881121,0.06744849569075882,0.035526971577684724,True,100.0,100.0,,100.0,,100.0,100.0,0.40326683985976164,12.082646320642155,3.6519255984617915,18.128300689461586
LTU,Lithuania,2016,V,Current prices,35000531000.0,2408605000.0,1246879000.0,1161726000.0,0.5176768295341079,0.06881624167359061,0.03562457381003734,True,105.408263520659,95.2233170100946,,96.4224152360455,,104.235317630872,110.400505520025,4.4432475536799965,8.301466050389749,5.408263520658996,10.400505520025005
LTU,Lithuania,2017,V,Current prices,37981863000.0,2504325000.0,1314063000.0,1190262000.0,0.5247174388308227,0.06593475944031497,0.03459711810344848,True,114.804037010093,103.346151115481,,102.855189787036,,109.391711908068,110.801580540079,5.388173190822854,2.456345127852866,8.913697252580688,0.3632909271246376
LTU,Lithuania,2018,V,Current prices,40927721000.0,2810385000.0,1420222000.0,1390163000.0,0.5053478438007604,0.06866702888245353,0.03470073498595243,True,123.200058000145,104.85213061586,,101.687078983502,,114.454343011515,117.192380859619,8.078684203116593,16.794705703450163,7.313349955902582,5.7677880481392
LTU,Lithuania,2019,V,Current prices,43949287000.0,2888350000.0,1532974000.0,1355376000.0,0.5307438502951513,0.06572006503768764,0.03488052035975009,True,131.627829069573,104.060645323467,,98.7366444821193,,119.677971220812,126.173781308689,7.939040516200979,-2.5023684272995284,6.840720050162719,7.663809185537862
LTU,Lithuania,2020,V,Current prices,44904953000.0,3023478000.0,1642203000.0,1381275000.0,0.5431503057075329,0.06733061272773185,0.03657064288654305,True,141.191352978382,108.707599930106,,96.8893476694277,,126.868087279364,129.531456476573,7.125300233402521,1.91083507454759,7.265579001347899,2.6611512574623797
LTU,Lithuania,2021,V,Current prices,50519795000.0,3223377000.0,1806061000.0,1417316000.0,0.5603008894088405,0.0638042375270921,0.03574957103448262,True,163.849159622899,123.880251990584,,101.056263756451,,140.685838131769,131.879331593967,9.977938172077394,2.609255941068933,16.047588019066694,1.8125906874355557
LTU,Lithuania,2022,V,Current prices,60696143000.0,3827768000.0,2134277000.0,1693491000.0,0.5575774184851329,0.06306443557706788,0.03516330518728348,True,195.063737659344,127.101143191337,,107.078729398587,,141.568385490157,153.170032658502,18.17302959313112,19.485774520290455,19.050801425094743,16.144077170549576
LUX,Luxembourg,2010,V,Current prices,38235934000.0,3229544000.0,1648949000.0,1580595000.0,0.5105826085664106,0.08446358339252286,0.043125636737420876,True,80.1544999999999,86.1397837638054,,87.918429473432,,86.9409332632772,93.0548344791126,,,,
LUX,Luxembourg,2011,V,Current prices,39801076000.0,3352387000.0,1794971000.0,1557416000.0,0.5354307244360511,0.08422855201201093,0.045098554621990625,True,83.0977499999999,87.6253278102683,,88.8784523761608,,87.5350356141268,94.8314621123597,8.855458840752494,-1.4664730686861582,3.6719710059946786,1.9092265793518637
LUX,Luxembourg,2012,V,Current prices,41682682000.0,3430970000.0,1754693000.0,1676276000.0,0.5114276720577563,0.08231164203877284,0.04209645147114094,True,86.5907499999999,90.1097243137538,,90.2476535924672,,89.3070375186735,96.094479707086,-2.2439359744530707,7.631872280752217,4.203483247139661,1.331855026372808
LUX,Luxembourg,2013,V,Current prices,44019418000.0,3856123000.0,1738885000.0,2117237999.9999998,0.45094126924893213,0.0876004993977885,0.03950268038527906,True,90.90925,93.2983247924754,,91.4748340424546,,92.3436006000189,97.43959980797,-0.9008983337826071,26.30604983904796,4.987253257420798,1.3997891502032012
LUX,Luxembourg,2014,V,Current prices,46254988000.0,4024393000.0,1775030000.0,2249363000.0,0.44106775854147445,0.08700451938286094,0.03837488834717674,True,94.8927499999999,96.46261021013,,94.5741113060348,,95.7274140897806,98.3723073779231,2.078630846778262,6.2404415564051074,4.381842331775809,0.9572161336779184
LUX,Luxembourg,2015,V,Current prices,49537301000.0,4189517000.0,1769357000.0,2420159000.0,0.4223295907380254,0.08457297663431441,0.03571767060946659,True,100.0,100.0,,100.0,,100.0,100.0,-0.3196002321087521,7.5930830195037435,5.382128771692374,1.6546248283306975
LUX,Luxembourg,2016,V,Current prices,51386241000.0,4391064000.0,1878944000.0,2512120000.0,0.427901756840711,0.08545213494016812,0.03656511866668745,True,106.073,105.178245140314,,106.096125364081,,105.278066674891,100.850607563796,6.193605925768519,3.7997916665805764,6.072999999999995,0.850607563796002
LUX,Luxembourg,2017,V,Current prices,53011490000.0,4613051000.0,2030223000.0,2582829000.0,0.4401041740054467,0.08701983287019474,0.03829779166742908,True,112.084,109.855967191161,,107.051833987213,,108.824044520586,102.028657652149,8.051277738985307,2.814714265242113,5.666852073571982,1.1681140221270203
LUX,Luxembourg,2018,V,Current prices,54533051000.0,4763489000.0,2069310000.0,2694179000.0,0.4344105759454887,0.08735049502365089,0.037945978852347725,True,120.407,116.534677545334,,112.336701731267,,114.805696722121,103.319382748954,1.925256486602711,4.311164231158937,7.425680739445406,1.2650613332633842
LUX,Luxembourg,2019,V,Current prices,56495174000.0,4844713000.0,1985534000.0,2859179000.0,0.4098352162450077,0.08575445754003697,0.03514519664989438,True,131.876,125.9291241,,118.846332006882,,124.013064081387,104.71413285356,-4.048499258206839,6.1243146799080606,9.525193717973224,1.3499404153381134
LUX,Luxembourg,2020,V,Current prices,58593313000.0,4750834000.0,1936706000.0,2814128000.0,0.4076560031354495,0.0810815049833417,0.033053362249716105,True,151.036,142.680171507201,,128.255305573705,,140.692560266131,105.850207938765,-2.459187301753585,-1.5756621044012986,14.528799781613033,1.0849300416723828
LUX,Luxembourg,2021,V,Current prices,66274077999.99999,4960381000.0,2021669000.0,2938712000.0,0.40756324967779695,0.07484647315651831,0.030504671826592597,True,172.116,160.382315562556,,145.982346512782,,157.926150691902,107.308908048168,4.386984911494052,4.427090736455486,13.956937418893522,1.378079587946468
LUX,Luxembourg,2022,V,Current prices,69430320000.0,4940054000.0,2130469999.9999998,2809584000.0,0.431264516541722,0.07115124919487624,0.03068500908536789,True,188.53125,172.683796012177,,154.473031805959,,164.002697664793,109.177183188289,5.38174152148545,-4.394033848842627,9.537317855399841,1.7410252085338307
LVA,Latvia,2010,V,Current prices,15749605000.0,1653962000.0,1089361000.0,564600000.0,0.6586372601063386,0.10501609405442232,0.06916751245507427,True,80.3500000000001,103.819956063782,,102.731249353946,,86.5731136843619,77.3819213690961,,,,
LVA,Latvia,2011,V,Current prices,17498875000.0,2039967000.0,1251019000.0,788948000.0,0.6132545281369748,0.11657703709524184,0.07149139587544913,True,88.7250000000001,108.595052275966,,112.28483232112,,91.7773825198598,81.7140740857037,14.839708783406058,39.73574211831385,10.423148724331032,5.598404174980498
LVA,Latvia,2012,V,Current prices,19402670000.0,2392389000.0,1457709000.0,934681000.0,0.6093110275962647,0.12330205069714632,0.07512929921500494,True,91.3625000000001,102.080146993574,,106.876104078593,,92.4072441243337,89.5252344762618,16.521731484493852,18.471813097948164,2.9726683572837365,9.559137122897043
LVA,Latvia,2013,V,Current prices,20035007000.0,2592666000.0,1548494000.0,1044172000.0,0.5972593461710841,0.1294067928201872,0.07728941646988194,True,97.6225000000002,103.187249222689,,110.185641403375,,98.5028862987566,94.58359972918,6.22792340583751,11.714264010929941,6.851826515255266,5.6502116777582545
LVA,Latvia,2014,V,Current prices,20802872000.0,2888510000.0,1657702000.0,1230808000.0,0.5738951916385957,0.13885150088891574,0.07968620871195092,True,103.475,104.242268784414,,110.262071471574,,103.600137318948,99.2620074631004,7.052529748258629,17.874066724639228,5.995031883018553,4.946320236611879
LVA,Latvia,2015,V,Current prices,21333710000.0,2657860000.0,1615690000.0,1042171000.0,0.6078913110547584,0.12458498779630922,0.07573413156923949,True,100.0,100.0,,100.0,,100.0,100.0,-2.534351771307508,-15.32627347238562,-3.3582991060642664,0.7434793590830102
LVA,Latvia,2016,V,Current prices,22166900000.0,2839249000.0,1672955000.0,1166294000.0,0.589224474500123,0.12808507278870748,0.07547085970523619,True,108.4875,110.019686594909,,101.703729102739,,107.729576917519,98.6193074309654,3.5443061478377613,11.910041634242363,8.487500000000004,-1.3806925690345917
LVA,Latvia,2017,V,Current prices,23563434000.0,2911800000.0,1818908000.0,1092891000.0,0.6246679030153169,0.12357282049806492,0.07719197465021439,True,118.0125,120.074268647621,,102.712045982154,,113.94113023286,98.2735124136757,8.72426335436398,-6.293696100640145,8.779813342551002,-0.3506362256009199
LVA,Latvia,2018,V,Current prices,25307377000.0,3147662000.0,1928895000.0,1218767000.0,0.6128024546472906,0.12437725173968049,0.0762186851683602,True,129.3,126.308982377915,,104.151188326211,,121.603728442793,102.369872618493,6.0468698801698695,11.517708536349925,9.56466476008897,4.168325832879516
LVA,Latvia,2019,V,Current prices,26617197000.0,3246276000.0,2063391000.0,1182886000.0,0.635617858740292,0.12196160249330536,0.0775209726253294,True,140.875,131.479822726226,,106.472237145849,,128.222004311238,107.120055356003,6.972696803091916,-2.944040985684715,8.952049497293114,4.640215539988746
LVA,Latvia,2020,V,Current prices,26280960000.0,3262786000.0,2127708999.9999998,1135078000.0,0.6521141748186978,0.12415018325053574,0.08096009430401324,True,145.7675,139.166859773458,,107.148380911255,,132.375079042228,104.808955240448,3.117101896829033,-4.041640530025714,3.4729370008873106,-2.157485923503566
LVA,Latvia,2021,V,Current prices,28062188000.0,2379307000.0,1207953000.0,1171353000.0,0.5076911050150317,0.08478693821023507,0.04304557435079545,True,161.645,151.765378087274,,110.649139675482,,143.050285473328,106.461155323058,-43.227527824528636,3.1958156179575425,10.892345687481786,1.576392092469181
LVA,Latvia,2022,V,Current prices,31521384000.0,2576407000.0,1367187000.0,1209220000.0,0.5306564529594897,0.08173521188029054,0.04337331761828732,True,184.005,167.96418011555,,112.915797165717,,143.310988595515,109.586555479328,13.18213539765205,3.232757332759628,13.832781713013077,2.9357188044652816
LVA,Latvia,2023,V,Current prices,34788162000.0,2979625000.0,1532048000.0,1447578000.0,0.5141747703150564,0.0856505439982716,0.044039348787670934,True,190.885,169.398365942311,,112.089345690421,,137.763777921071,112.735580636779,12.05840898136099,19.711714989828156,3.739028830738289,2.873550631897559
NLD,Netherlands,2010,V,Current prices,567757000000.0,31599000000.0,5526000000.0,26073000000.0,0.17487895186556537,0.055655852767997574,0.00973303719725164,True,111.428,129.86696608608,122.724439798818,120.108377232977,125.308863311432,119.174112441596,85.8066107096695,,,,
NLD,Netherlands,2011,V,Current prices,579590000000.0,33405000000.0,7380000000.0,26025000000.0,0.2209250112258644,0.057635569971876674,0.012733138943045947,True,109.21725,125.155944051626,118.272518286499,115.361919945052,120.356892589586,113.665566748229,87.273780636311,33.550488599348526,-0.18409849269359624,-1.984016584700421,1.7098565186378645
NLD,Netherlands,2012,V,Current prices,583832000000.0,29050000000.0,3222000000.0,25828000000.0,0.11091222030981067,0.04975746447608216,0.005518710862028803,True,101.8855,114.137655901764,107.860222677487,107.723595776104,112.387842126448,104.912767802623,89.2903255354837,-56.34146341463415,-0.7569644572526402,-6.712996344441935,2.310596475218696
NLD,Netherlands,2013,V,Current prices,588535000000.0,31173000000.0,5197000000.0,25976000000.0,0.1667147852308087,0.05296711325579617,0.00883040091073598,True,95.7714999999998,103.419750909307,97.7317895150117,100.926716518539,105.296669691586,96.7337836048462,92.6383053680848,61.297330850403476,0.5730215270249417,-6.000853899720948,3.7495437635856943
NLD,Netherlands,2014,V,Current prices,597414000000.0,34716000000.0,7996000000.0,26720000000.0,0.2303260744325383,0.05811045606564292,0.013384353229084019,True,96.5564999999999,99.7653777844552,94.2784024984397,99.0604508156311,103.349597894797,96.672066544433,96.8006651599668,53.85799499711372,2.864182322143516,0.8196592932136371,4.493130325887829
NLD,Netherlands,2015,V,Current prices,620835000000.0,39504000000.0,11774000000.0,27730000000.0,0.29804576751721346,0.06363043320689071,0.01896478130260053,True,100.0,100.0,94.5001207754956,100.0,104.329827942282,100.0,100.0,47.24862431215608,3.779940119760483,3.566305738091269,3.3050752644583348
NLD,Netherlands,2016,V,Current prices,634824000000.0,41618000000.0,13263000000.0,28355000000.0,0.31868422317266565,0.06555832797751818,0.020892404824014214,True,105.2935,103.143497928349,97.4707301143604,102.100245359483,106.521010312196,104.550169046051,102.08119489594,12.646509257686422,2.253876667868737,5.293499999999995,2.0811948959400084
NLD,Netherlands,2017,V,Current prices,661566000000.0,45934000000.0,16519000000.0,29415000000.0,0.35962467888709887,0.06943222596082628,0.024969541965578643,True,113.79175,109.499797591001,103.477440972419,108.087141845708,112.767129115357,110.806834266643,103.916744804163,24.549498605142126,3.738317757009346,8.071011031070285,1.7981273731113134
NLD,Netherlands,2018,V,Current prices,692632000000.0,50726000000.0,20549000000.0,30177000000.0,0.4050979773686078,0.07323658161909932,0.029667991083288096,True,124.37875,117.385375090631,110.929321233415,112.841332049421,117.72716757494,118.651817153841,105.949444702528,24.396149888007756,2.590515043345243,9.30383793201177,1.9560850392261075
NLD,Netherlands,2019,V,Current prices,724960000000.0,52799000000.0,21551000000.0,31248000000.0,0.4081706092918426,0.07283022511586847,0.02972715736040609,True,133.38125,122.877469260561,116.119356857103,115.945418628428,120.965655761997,124.354178647341,108.544494572775,4.876149690982534,3.5490605427974886,7.237972724440467,2.4493284297365303
NLD,Netherlands,2020,V,Current prices,709628000000.0,55537000000.0,23117000000.0,32420000000.0,0.4162450258386301,0.07826213170844443,0.032576223035167724,True,144.0405,129.171064215145,122.066811690305,120.81479587126,126.045868661304,131.580867292845,111.501444424928,7.2664841538675695,3.750640040962616,7.991565531137268,2.724182247834306
NLD,Netherlands,2021,V,Current prices,791730000000.0,50712000000.0,23055000000.0,27657000000.0,0.4546261239943209,0.0640521389867758,0.029119775681103407,True,164.89,145.215857365712,137.229160595769,131.111753134455,136.788666457286,144.352858367968,113.559994322001,-0.26820089111908585,-14.691548426896972,14.47474842145089,1.846209174858715
NLD,Netherlands,2022,V,Current prices,888174000000.0,61450000000.0,33503000000.0,27947000000.0,0.5452074857607812,0.06918689355914494,0.037721212284980196,True,186.82025,161.515708325155,152.632539438669,138.605615038396,144.6069996879,152.274048915534,115.673494216325,45.317718499240954,1.0485591351194978,13.299927224210073,1.8611306798159255
NLD,Netherlands,2023,V,Current prices,944801000000.0,75564000000.0,47027000000.0,28537000000.0,0.6223466200836377,0.07997874684721967,0.04977450277889206,True,183.25525,154.620924712094,146.116960597117,125.972917354723,131.427327930055,139.547361547183,118.52379407381,40.36653434020834,2.1111389415679582,-1.9082513806720658,2.4640907381552335
NLD,Netherlands,2024,V,Current prices,1000017000000.0,79779000000.0,49003000000.0,30776000000.0,0.6142343223153963,0.07977764378005574,0.04900216696316163,True,198.19975,161.188706750762,152.323522555929,130.53870239047,136.190803602064,146.755677939102,122.93819385309,4.201841495311198,7.845954375021891,8.155018751168107,3.72448402768053
NOR,Norway,2022,V,Current prices,5510098000000.0,431275000000.0,280945000000.0,150330000000.0,0.6514289026723089,0.07826993276707601,0.05098729641469172,True,141.575,125.099776872195,172.855479895614,111.359769682686,130.000488108978,122.189924946032,113.177713682229,,,,
NOR,Norway,2023,V,Current prices,4852019000000.0,450976000000.0,293258000000.0,157718000000.0,0.6502740722344427,0.09294604988150294,0.06044040635455055,True,140.8,119.605153048903,165.263333358124,107.278776537398,125.236369950611,115.392986481785,117.740038225997,4.382708359287402,4.914521386283499,-0.5474130319618409,4.031115663440343
NZL,New Zealand,2012,V,Current prices,196014000000.0,27353000000.0,14609000000.0,12744000000.0,0.5340913245347859,0.13954615486648914,0.07453039068637954,True,76.7270581823546,81.8889319714623,115.104724910987,81.6135262189099,100.86825150886,78.5622331722463,93.706316083921,,,,
NZL,New Zealand,2019,V,Current prices,291492000000.0,43883000000.0,23788000000.0,20094000000.0,0.5420777977804617,0.1505461556406351,0.08160772851399009,True,129.899925250187,118.28666569715,166.266109325411,108.576899080734,134.192975992135,123.444470948112,109.831124712003,62.83113149428434,57.674199623352166,69.30132384517893,17.207814053474312
POL,Poland,2010,V,Current prices,1265903489000.0,67534232000.0,39154500000.0,28379732000.0,0.5797726403403832,0.05334864196744465,0.03093008301203916,True,105.61,116.011082596986,,127.881228499219,,113.421780911134,91.0350997758775,,,,
POL,Poland,2011,V,Current prices,1365622421000.0,71595377000.0,40422400000.0,31172977000.0,0.5645951134526466,0.052426919695396534,0.029599982673395198,True,105.695,112.653256959655,,121.808545167093,,108.570973413334,93.8326573458164,3.2381973974894285,9.842393860519906,0.08048480257549784,3.0730537746718634
POL,Poland,2012,V,Current prices,1431871906000.0,74277699000.0,41339400000.0,32938299000.0,0.5565519739646216,0.05187454177203474,0.028870878621736155,True,102.005,106.005143595084,,112.53194495305,,101.681002817916,96.2360099059003,2.2685441735275536,5.6629881708121665,-3.4911774445337995,2.5613178056190344
POL,Poland,2013,V,Current prices,1470917531000.0,75323397000.0,42356900000.0,32966497000.000004,0.5623339053601101,0.051208443310068893,0.028796243913962842,True,97.535,99.9627856309275,,106.217304809916,,96.8113997046582,97.5712124392803,2.461332288325413,0.08560854948824748,-4.382138130483804,1.3874250757960116
POL,Poland,2014,V,Current prices,1525005692000.0,80028194000.0,42702701000.0,37325493000.0,0.533595710031892,0.05247730839289221,0.02800166663246789,True,98.5,99.812189393803,,101.166863494457,,98.0693825862861,98.683877467097,0.816398272772556,13.222502833710227,0.9893884246680695,1.1403619981755764
POL,Poland,2015,V,Current prices,1596366568000.0,78407099000.0,43236700000.0,35170399000.0,0.5514385884880143,0.04911597409499245,0.02708444342715651,True,100.0,100.0,,100.0,,100.0,100.0,1.250504037203637,-5.77378576084715,1.522842639593902,1.333675334496065
POL,Poland,2016,V,Current prices,1643980469000.0,85345002000.0,43937099000.0,41407903000.0,0.5148174816376476,0.051913634991000615,0.026726046828723,True,101.8575,100.541129582125,,97.2781716836259,,102.566456810822,101.303427532586,1.6199178013123205,17.735095925411603,1.8575000000000008,1.30342753258601
POL,Poland,2017,V,Current prices,1747080548000.0,85674433000.0,44478100000.0,41196333000.0,0.5191525457775718,0.049038627954548095,0.025458528544042836,True,105.7825,101.379264135707,,95.8059449625829,,104.561702979428,104.336202608405,1.2313079659628912,-0.5109411118935481,3.8534226738335287,2.9937536662749675
POL,Poland,2018,V,Current prices,1857482474000.0,90796470000.0,46356800000.0,44439670000.0,0.5105572936921446,0.048881467938954024,0.0249567899826117,True,112.7425,104.025645000743,,96.2992878047143,,109.785268876048,108.367252709181,4.2238764695434305,7.872877908817766,6.579538203389035,3.863520043857971
POL,Poland,2019,V,Current prices,2016063576000.0,113077369000.0,48258400000.0,64818969000.0,0.4267732829899854,0.05608819600042216,0.023936943544085935,True,122.5225,107.744115057617,,97.8359516182619,,116.691988243421,113.695327842383,4.102095054015797,45.85834908315025,8.674634676364267,4.9166837766946525
POL,Poland,2020,V,Current prices,2059055377000.0,118922391000.0,48409600000.0,70512791000.0,0.40706884206524235,0.057755800221977224,0.023510586718911736,True,135.3625,112.919770428205,,98.0507252646903,,124.692935388529,119.862677996567,0.31331332990733873,8.784190936452575,10.479707808769835,5.424453468073787
POL,Poland,2021,V,Current prices,2289680858000.0,126571247000.0,52518100000.0,74053147000.0,0.41492915053606133,0.05527899076317473,0.02293686467985487,True,147.7725,118.560674537633,,103.807506134327,,128.97116839378,124.599453114986,8.486953001057639,5.020870610553474,9.167974882260598,3.9518348810416715
POL,Poland,2022,V,Current prices,2766246487000.0,164890517000.0,68534100000.00001,96356417000.0,0.41563396881095355,0.05960803484971584,0.024775124097609024,True,165.205,116.096021984234,,103.093852574216,,126.484944303494,142.484728562118,30.496152754954963,30.117923280154457,11.796849887495986,14.35421665183927
PRT,Portugal,2010,V,Current prices,158032302000.0,16723410000.0,10573908000.0,6149502000.0,0.6322818133383084,0.10582273236771556,0.0669097891138737,True,107.348,118.153350919401,86.9372546813751,106.886813419264,85.2953913053313,113.445878564765,90.8614897715372,,,,
PRT,Portugal,2011,V,Current prices,154177966000.0,16538186000.000002,10756629000.0,5781557000.0,0.6504116594165769,0.1072668580930689,0.0697676151727154,True,102.091,111.332860324334,81.9187366004127,104.006631263011,82.9970136459225,106.027643150918,91.7128947928223,1.72803659725429,-5.98333003225302,-4.8971569102358785,0.9370361672760286
PRT,Portugal,2012,V,Current prices,147300542000.0,17375959000.0,11837946000.0,5538013000.0,0.681283030191312,0.1179626277274662,0.08036593646749786,True,94.862,101.417406758499,74.6229442659033,98.7476589910503,78.8003678347945,96.6708877110289,93.5515048387875,10.052563865500996,-4.212429281593177,-7.080937594890835,2.0047454069774817
PRT,Portugal,2013,V,Current prices,149851500000.0,18578400000.0,12590100000.0,5988300000.0,0.6776740731171683,0.12397873895156204,0.08401717700523519,True,93.081,98.2750604304047,72.3108053303861,97.3265224825533,77.6663047009721,94.0237742672133,94.7166773679168,6.353754274601364,8.13084042959089,-1.8774641057536123,1.2454877461749003
PRT,Portugal,2014,V,Current prices,151138891000.0,18862467000.0,12630798000.0,6231669000.0,0.6696259826458544,0.12480220593917155,0.08357079978838802,True,97.0385,98.1123480650094,72.1910815456596,101.140935298175,80.7101959285297,97.7825682262117,98.9098374727458,0.3232539852741523,4.06407494614498,4.251673273815282,4.427055742824604
PRT,Portugal,2015,V,Current prices,156080656000.0,19100166000.0,12437396000.0,6662770000.0,0.6511669060886696,0.12237369120232298,0.0796856978868669,True,100.0,100.0,73.5800161441716,100.0,79.7997326113183,100.0,100.0,-1.531193832725375,6.9179059414099076,3.0518814697259256,1.1021780594418384
PRT,Portugal,2016,V,Current prices,161745030000.0,20173857000.0,12638441000.0,7535416000.0,0.626476186482337,0.12472628679842589,0.0781380485075801,True,107.1105,105.310080641661,77.4871743375744,103.625352833356,82.6927544785532,105.974087663114,101.704527542613,1.616455727549404,13.097345398385363,7.110499999999997,1.704527542612988
PRT,Portugal,2017,V,Current prices,169071370000.0,21214174000.0,12781217000.0,8432957000.0,0.6024847821084148,0.12547466788729517,0.07559657794220274,True,117.0105,113.912030627095,83.8164905255703,110.455200173593,88.1429543938234,113.931992749394,102.716177567904,1.1296962971936164,11.910968153583035,9.242791322979539,0.9946951721172326
PRT,Portugal,2018,V,Current prices,177157334000.0,22163308000.0,12998020000.0,9165288000.0,0.586465702683011,0.12510522426353515,0.07336992325702982,True,129.02875,123.278576865192,90.708396759713,116.699114979896,93.1255817137319,123.617653020037,104.65680261642,1.696262570301399,8.684154324515102,10.271086782810102,1.8893080860929334
PRT,Portugal,2019,V,Current prices,185473874000.0,23260453000.0,13371250000.0,9889203000.0,0.5748490796804344,0.12541094062660274,0.0720923638010602,True,141.877,131.387303620563,96.6747992154021,123.216607368434,98.3265232127482,134.710020622291,107.970177699254,2.8714373419951755,7.898442471202216,9.957664474002904,3.165943350073408
PRT,Portugal,2020,V,Current prices,175104287000.0,23562409000.0,13714651000.0,9847758000.0,0.5820564017881193,0.13456214809863565,0.0783227597391719,True,154.3105,139.315926477122,102.508681193268,136.60720698643,109.012185902961,145.89029902794,110.76120276903,2.5682041693932955,-0.4190934294705073,8.763576901118553,2.5849962732767517
PRT,Portugal,2021,V,Current prices,187361458000.0,24399795000.0,14040117000.0,10359678000.0,0.5754194656143627,0.13022846459702508,0.07493599350619913,True,168.828,149.705460486071,110.153301994358,142.017654911373,113.32970888014,156.436334763361,112.758477818962,2.3731263741235464,5.198340576606375,9.40797936627773,1.8032262200121663
PRT,Portugal,2022,V,Current prices,211027884000.0,25585453000.0,14430876000.0,11154577000.0,0.5640265974575475,0.12124204875219238,0.06838374022648117,True,190.15875,164.209532096334,120.825400226751,148.198685601312,118.262154843336,164.264317904897,115.786327894658,2.7831605676790216,7.673008755677535,12.634604449498887,2.6852527049516572
PRT,Portugal,2023,V,Current prices,235589270000.0,24767144000.0,13363947000.0,11403197000.0,0.5395836920074434,0.10512848908611161,0.05672561827624832,True,205.75175,169.953195800082,125.051588907236,147.444073364584,117.659976296174,169.544662072906,121.052853026321,-7.39337653514589,2.2288608523657993,8.199990797162894,4.548486187811807
ROU,Romania,2010,V,Current prices,483485400000.0,46823200000.0,39821600000.0,7001600000.0,0.8504672897196262,0.09684511672948139,0.08236360394750286,True,119.5425,127.715352949383,,150.664743211209,,134.66872482477,93.6091134092783,,,,
ROU,Romania,2011,V,Current prices,519643800000.0,47604300000.0,40930800000.0,6673500000.0,0.8598130841121495,0.09160948326526748,0.07876703234022998,True,104.8275,111.267124994588,,122.121250654673,,113.458352561954,94.2307852565438,2.78542298651987,-4.686071755027421,-12.309429700734054,0.6641146621562566
ROU,Romania,2012,V,Current prices,549135500000.0,51247400000.0,41985800000.0,9261600000.0,0.8192766852562277,0.09332377892159585,0.07645799625047006,True,99.51,103.156448046511,,110.914386490038,,103.402518786476,96.4724706039216,2.577521084366774,38.781748707574735,-5.072619303140868,2.3789309844705064
ROU,Romania,2013,V,Current prices,556662200000.0,51220200000.0,41790000000.0,9430200000.0,0.8158890437756978,0.09201307363783638,0.0750724586652372,True,99.26,102.330080296163,,110.322204602808,,101.668434205368,97.0033083609029,-0.46634814627802834,1.8204197978751058,-0.2512310320570754,0.5502479138952854
ROU,Romania,2014,V,Current prices,591513900000.0,55211600000.0,44418800000.0,10792800000.0,0.8045193401386665,0.0933394802725684,0.07509341707777281,True,97.22,98.199285658574,,104.864058759021,,98.367001016051,99.0024916874306,6.290500119645848,14.449322389769037,-2.055208543219833,2.0609434464747167
ROU,Romania,2015,V,Current prices,625899100000.0,61077600000.0,49564500000.0,11513100000.0,0.8115004518841604,0.09758377987761925,0.07918928146725247,True,100.0,100.0,,100.0,,100.0,100.0,11.58450926184409,6.673893706915712,2.859493931289858,1.0075587953066067
ROU,Romania,2016,V,Current prices,673343000000.0,62938400000.0,50953200000.0,11985200000.0,0.8095725344146022,0.09347152936913282,0.07567198292697778,True,105.95,105.031522438426,,96.1999553815458,,105.211912465551,100.873340611172,2.8018037103168636,4.1005463341758475,5.950000000000011,0.873340611171991
ROU,Romania,2017,V,Current prices,770366800000.0,70413300000.0,54554900000.0,15858400000.0,0.7747811848045753,0.09140230342221393,0.0708167849393302,True,112.355,109.687766537284,,88.1598009859907,,108.716784180388,102.425020208502,7.068643382554973,32.31652371257885,6.045304388862682,1.5382454748982033
ROU,Romania,2018,V,Current prices,867424400000.0,73435600000.0,55753100000.0,17682500000.0,0.7592107914962225,0.08465936628021993,0.06427430448117438,True,118.6175,113.032317266236,,86.5687925047288,,110.524169073222,104.937541146176,2.1963196706437094,11.502421429652433,5.573850740955022,2.453034358752748
ROU,Romania,2019,V,Current prices,965752200000.0,84704200000.0,63870700000.0,20833500000.0,0.7540440733753462,0.08770800625667743,0.0661357023054154,True,122.69,113.913384722878,,75.2900033876558,,108.521066358819,107.698397486646,14.559907879561852,17.81987841085819,3.433304529264225,2.6309520027958166
ROU,Romania,2020,V,Current prices,969777400000.0,82804200000.0,66445500000.0,16358700000.0,0.8024411805198287,0.08538474911871528,0.06851623888121129,True,128.435,116.63296213828,,75.7589285872786,,111.050332159302,110.127584396536,4.031269424008199,-21.478868169054643,4.682533213790863,2.255546012364018
ROU,Romania,2021,V,Current prices,1077778300000.0,91756200000.0,72690300000.0,19065900000.0,0.7922113165104919,0.08513457730592645,0.06744457556809225,True,134.0875,118.730176050088,,72.360001306955,,110.833225665127,112.925941049509,9.398379122739687,16.548992279337593,4.4010589013898205,2.541013378534651
ROU,Romania,2022,V,Current prices,1271213100000.0,103823200000.0,81122200000.0,22701000000.0,0.7813494479075968,0.0816725378302033,0.06381479234284165,True,143.6975,121.293891025535,,67.6817267371595,,104.279424461442,118.480987341561,11.59975952774992,19.065976429122156,7.166961871911992,4.919194155412487
SVK,Slovak Republic,2020,V,Current prices,84654950000.0,8833106000.0,7015431000.0,1817675000.0,0.7942201757796182,0.10434246314007628,0.0828708894163897,True,145.026137434656,140.833800388641,,113.118438960329,,135.168974793139,102.97645,,,,
SVK,Slovak Republic,2021,V,Current prices,91101280000.0,10027644000.0,7966918000.0,2060726000.0,0.7944954966490634,0.11007138428790463,0.08745121912666869,True,154.271114322214,148.490446226265,,113.699554661148,,139.365516045024,103.881975,13.56277326368116,13.371532314632706,6.374697038127697,0.879351541056228
SVK,Slovak Republic,2022,V,Current prices,97975263000.0,11239390000.0,9065239000.0,2174151000.0,0.806559697634836,0.11471660964053754,0.09252579398536546,True,175.411311471721,162.172148954103,,118.729138265575,,142.134881214856,108.1569,13.786021143935457,5.504128156775812,13.703276366665197,4.115174937711763
SVN,Slovenia,2010,V,Current prices,31571238000.0,2536742000.0,2088708000.0,448034000.0,0.823382117692694,0.08034977912491109,0.06615857129200951,True,117.2075,115.038468188848,,118.527704596451,,122.802850051304,101.875489812451,,,,
SVN,Slovenia,2011,V,Current prices,32107404000.0,2468012000.0,2040283000.0,427729000.0,0.8266908750848861,0.07686737924996988,0.06354556101763942,True,120.38275,118.606760996741,,119.617143083912,,123.414622650341,101.485889851411,-2.3184188503132086,-4.532022123321,2.7090843162766998,-0.3824275709076175
SVN,Slovenia,2012,V,Current prices,31211174000.0,2333336000.0,1934082000.0,399254000.0,0.8288913384098989,0.07475963576378127,0.0619676145472772,True,112.08225,112.252744635526,,114.66580354516,,112.641722501877,99.8319975168002,-5.20520927734045,-6.657252606206265,-6.89509086642397,-1.6296771275616018
SVN,Slovenia,2013,V,Current prices,30972470000.0,2249840000.0,1845460000.0,404380000.0,0.8202627742417239,0.07263999287108842,0.059583882073338035,True,106.20525,107.504585363438,,108.884765825551,,105.275177462621,98.7762226223778,-4.582122164417024,1.2838944631738292,-5.243470754735913,-1.057551607383922
SVN,Slovenia,2014,V,Current prices,32514520000.0,2527590000.0,2123969999.9999998,403620000.0,0.8403142914792351,0.07773726937995702,0.06532373844054902,True,99.20475,101.175437658601,,100.799964994582,,98.3972038043131,98.0477576952243,15.09163027104352,-0.18794203471982351,-6.591482059502707,-0.7374901649544019
SVN,Slovenia,2015,V,Current prices,33604820000.0,2640073000.0,2223803000.0,416270000.0,0.8423263296128554,0.07856233123700707,0.06617512011669754,True,100.0,100.0,,100.0,,100.0,100.0,4.700301793339845,3.134136068579352,0.8016249221937333,1.991113668141331
SVN,Slovenia,2016,V,Current prices,34952837000.0,2699743000.0,2262244000.0,437499000.0,0.8379479083749823,0.07723959574440266,0.0647227576977514,True,103.25,101.588569924627,,98.8259600501439,,103.73434283178,101.617689838231,1.728615349471152,5.099815023902754,3.2499999999999973,1.6176898382310068
SVN,Slovenia,2017,V,Current prices,37350190000.0,2805310000.0,2321170000.0,484140000.0,0.8274201425154439,0.07510831939543011,0.06214613633826227,True,111.787,104.487313462553,,102.033271262434,,110.603347367894,106.958814304119,2.6047588146990375,10.660824367598565,8.268280871670708,5.256097116939706
SVN,Slovenia,2018,V,Current prices,39945750000.0,2990350000.0,2440030000.0,550320000.0,0.8159680304981022,0.07486027925373788,0.061083594625210444,True,121.54825,106.954658400847,,104.453548928284,,117.884004284086,113.623663637634,5.120693443392765,13.669599702565382,8.73200819415494,6.231229634394264
SVN,Slovenia,2019,V,Current prices,42328530000.0,3053790000.0,2461120000.0,592670000.0,0.8059231315840316,0.07214495754990782,0.05814329011661874,True,129.6875,109.486442901072,,105.728406094933,,124.046600087569,118.446313155369,0.8643336352421871,7.695522605029792,6.696311958419798,4.244405930366124
SVN,Slovenia,2020,V,Current prices,41568620000.0,3066520000.0,2493120000.0,573400000.0,0.8130127962641691,0.07377006982671062,0.05997601075041702,True,135.66125,117.303850779934,,107.138572101658,,130.165040240471,115.736663426334,1.3002210375763879,-3.2513877874702612,4.606265060240955,-2.287660676682002
SVN,Slovenia,2021,V,Current prices,45897639000.0,3250562000.0,2627605000.0,622957000.0,0.8083540630820147,0.07082198716147468,0.05724924107752035,True,151.31625,126.234949281232,,112.212423147837,,140.617651187276,119.923513007649,5.394244962135808,8.642657830484834,11.539772779625723,3.617565477840068
SVN,Slovenia,2022,V,Current prices,49959828000.0,3794181000.0,2984039000.0,810142000.0,0.7864777668751175,0.07594463695911843,0.059728768481748976,True,173.64875,121.832294463423,,117.609245741573,,147.193827750681,142.555285744471,13.564976470968816,30.047820315045826,14.758824647055423,18.87183936596195
SVN,Slovenia,2023,V,Current prices,56995055000.0,4098770999.9999995,3184794000.0,913977000.0,0.777011938456674,0.0719145020563626,0.05587842664596078,True,186.2145,116.254012695907,,116.950231162329,,146.598759598704,160.235458976454,6.7276265491168274,12.8168888910833,7.2363031694728575,12.402327377516208
SWE,Sweden,2010,V,Current prices,3094787000000.0,256087000000.0,110416000000.0,145671000000.0,0.4311659709395635,0.0827478595457458,0.035678061204212116,True,73.9649999999999,81.9567166291328,111.872556556568,85.0871813682728,109.815082737447,77.2397461456644,90.2533609746639,,,,
SWE,Sweden,2011,V,Current prices,3222931000000.0,275367000000.0,114658000000.0,160709000000.0,0.41638250044486086,0.08543993029946964,0.0355756918159278,True,75.8724999999999,82.1786000650694,112.175431882188,83.8058664114587,108.161394065046,78.1332892822404,92.3447782655221,3.8418345167366974,10.32326269470245,2.578922463327249,2.3172735821387347
SWE,Sweden,2012,V,Current prices,3253975000000.0,275591000000.0,110260000000.0,165331000000.0,0.400085634146253,0.08469364392781137,0.03388471023901536,True,76.8249999999999,81.1094994998541,110.716088238787,81.5868898242935,105.297542030069,78.730468895576,94.7257055274295,-3.8357550279963015,2.876005699743023,1.2553955649279969,2.578301996742516
SWE,Sweden,2013,V,Current prices,3333436000000.0,290967000000.0,113152000000.0,177815000000.0,0.38888258805981435,0.08728741154772433,0.033944554507721166,True,80.785,83.404273448777,113.848500552803,84.4559064571314,109.000347715294,82.321441032624,96.8633078136692,2.622891347723555,7.550913016917571,5.154572079401354,2.256623241112443
SWE,Sweden,2014,V,Current prices,3486881000000.0,309368000000.0,117402000000.0,191966000000.0,0.3794897985570583,0.08872341786255396,0.03366963197195431,True,88.4024999999999,89.7166055994146,122.464960125258,90.4839940336303,116.780308519221,89.3155391611546,98.5355551464445,3.7560096153846256,7.9582712369597575,9.429349507953088,1.726399160342651
SWE,Sweden,2015,V,Current prices,3788043000000.0,306275000000.0,91411000000.0,214864000000.0,0.29846053383397275,0.08085309485663178,0.024131457853039155,True,100.0,100.0,136.501999052511,100.0,129.061841010043,100.0,100.0,-22.13846442138976,11.928153943927565,13.118972879726364,1.4862095731627445
SWE,Sweden,2016,V,Current prices,3910818000000.0,322755000000.0,97184000000.0,225571000000.0,0.30110765131446454,0.08252877019590275,0.024850044159559458,True,108.2425,107.304323255113,146.472546312998,105.094824856365,135.637315765905,107.30803741032,100.880989911901,6.315432497183049,4.983152133442559,8.242499999999996,0.8809899119009978
SWE,Sweden,2017,V,Current prices,4100646000000.0,342112000000.0,100765000000.0,241347000000.0,0.2945380460200168,0.08342880609542984,0.024572957529130777,True,115.4275,113.464670851624,154.881543930819,109.286999738926,141.047813847699,112.464534816191,101.742389825761,3.6847629239380897,6.993806828005367,6.637873293761687,0.8538773406290501
SWE,Sweden,2018,V,Current prices,4278918000000.0,369333000000.0,111726000000.0,257607000000.0,0.3025074932378098,0.08631457765724887,0.02611080651697462,True,114.35,111.221087205332,151.819007403215,105.035276608594,135.560461701042,108.692828600565,102.824089717591,10.877784945169445,6.737187534960043,-0.9334863875592903,1.0631752347104007
SWE,Sweden,2019,V,Current prices,4484615000000.0,399682000000.0,118882000000.0,280800000000.0,0.2974414659654425,0.08912292359544799,0.02650885304535618,True,117.1875,111.98879640502,152.8669458077,104.136785809121,134.400852933936,109.149166606669,104.649939535006,6.404954979145416,9.003249135310764,2.481416703104511,1.7757023888368417
SWE,Sweden,2020,V,Current prices,4472395000000.0,399754000000.0,112275000000.0,287479000000.0,0.2808602290408601,0.08938253441388785,0.025103999087737108,True,122.11,114.587656778313,156.414442169827,108.955616764107,140.620124879603,112.767959541999,106.569989343001,-5.557611749465852,2.378561253561262,4.200533333333323,1.834735706992685
SWE,Sweden,2021,V,Current prices,4802076000000.0,400522000000.0,104684000000.0,295838000000.0,0.261368913567794,0.08340601023390717,0.021799738279860627,True,134.4625,124.358965275975,169.752473602724,113.141291039607,146.022233158248,121.514411984297,108.123189187681,-6.761077710977514,2.907690648708261,10.115879125378768,1.4574458102655452
SWE,Sweden,2022,V,Current prices,5158193000000.0,400941000000.0,105205000000.0,295736000000.0,0.26239521525611,0.07772896438733487,0.02039570834204924,True,139.25,126.556260817112,172.751825941467,109.069889932984,140.767607935137,118.026933946884,110.058338994166,0.49768828092162654,-0.034478329355935866,3.5604722506275,1.7897638989596842
SWE,Sweden,2023,V,Current prices,5487968000000.0,476987000000.0,137172000000.0,339815000000.0,0.2875801646585756,0.08691504760960705,0.024995043702878732,True,132.0525,116.110113864546,158.492626527252,98.7611344346539,127.462938303768,104.745647556861,113.766963623304,30.38543795446984,14.904847566748725,-5.168761220825846,3.369689805453624
TUR,Türkiye,2023,V,Current prices,24093827390000.0,1540972300000.0,829964100000.0,711008200000.0,0.5385976762852908,0.06395714035203769,0.0344471671754597,True,1216.28520928698,303.660552440732,,,,195.422342234818,405.024885125622,,,,
USA,United States,1997,V,Current prices,8258299550000.0,940891140000.0,553816600000.0,387074540000.0,0.5886085822850877,0.11393279382799816,0.06706182025087719,True,55.3619413055468,89.814873141036,87.6537681551033,103.930090181086,92.3603242063422,76.5100005159929,61.6422511073863,,,,
USA,United States,1998,V,Current prices,8727889160000.0,971431380000.0,587829000000.0,383602380000.0,0.6051163387371736,0.11130198404123638,0.06735064907721629,True,58.024430598092,91.0713628670588,88.8800245120112,103.316705865478,91.8152234164365,79.5556901667608,63.7120191439528,6.141455492666714,-0.8970261903559984,4.80924120389985,3.357710011207704
USA,United States,1999,V,Current prices,9284420560000.0,1046523280000.0,631621790000.0,414901490000.0,0.603542990462668,0.11271821146369958,0.06803028642640462,True,61.5446896891611,93.9242127585144,91.6642297802666,105.842824810466,94.0601282783136,83.1719677375867,65.5241251434976,7.449919959716178,8.159258553088232,6.066856761511863,2.8442137353243746
USA,United States,2000,V,Current prices,9884026700000.0,1106821990000.0,678979860000.0,427842130000.0,0.6134499188979793,0.11198087819815379,0.06869466064878194,True,65.6481383696507,97.0248605195928,94.6902704623419,106.336349515647,94.4987125390889,86.5256356404499,67.6583129458645,7.497852472759048,3.118966866086703,6.66742931228439,3.2571023232939478
USA,United States,2001,V,Current prices,10223806910000.0,1192659840000.0,736340680000.0,456319170000.0,0.6173937071612976,0.11665516089055324,0.07202216224171629,True,70.1693244622804,99.9636535137863,97.5583508900054,109.353762084029,97.1802189497393,90.6662146991077,70.1930148624749,8.448088578061807,6.6559691071096605,6.886998176813286,3.7463274005050895
USA,United States,2002,V,Current prices,10545483130000.0,1266955450000.0,769091380000.0,497864080000.0,0.607039008356608,0.12014200149784887,0.07293088145123229,True,75.0847795731099,103.079511677144,100.599235985131,112.61529203619,100.078666966723,95.7566560886565,72.8369445843635,4.44776458635967,9.104353428763478,7.00513386511481,3.7666564501734223
USA,United States,2003,V,Current prices,11051420830000.0,1322902730000.0,800525700000.0,522377040000.0,0.6051281638824647,0.11970431226443487,0.07243645068939068,True,80.8145879536734,108.371199482633,105.763596405961,116.653424641132,103.667264224079,100.946405854195,74.5678259790701,4.087202225566489,4.923624937954951,7.631118334687792,2.376378367576648
USA,United States,2004,V,Current prices,11774846900000.0,1396032760000.0,848895930000.0,547136829999.99994,0.60807737061987,0.11856058697459582,0.07209400998666063,True,88.4242146888678,115.429710524322,112.65226716539,121.808046861687,108.248060590388,107.771157647038,76.5955807018867,6.042308198225244,4.739831214633772,9.416154840208545,2.719342687268056
USA,United States,2005,V,Current prices,12567498910000.0,1510246330000.0,911028800000.0,599217540000.0,0.6032319244238786,0.12017079458811745,0.0724908596789367,True,97.6778024195914,124.325776893083,121.334278414856,130.828530213381,116.2643604455,115.712622575978,78.5589253881484,7.319256437005173,9.518772479637327,10.464992834014474,2.563261050142196
USA,United States,2006,V,Current prices,13304105300000.0,1545706730000.0,961843400000.0,583863330000.0,0.6222677182753807,0.1161826891132619,0.0722967368576074,True,103.354806913789,127.147629174869,124.088231930853,131.3683219912,116.74406120893,119.101831201509,81.2980849635621,5.577716094156404,-2.56237659531795,5.8119699190314345,3.486757948737096
USA,United States,2007,V,Current prices,13956205250000.0,1693576790000.0,1025805930000.0,667770860000.0,0.6057038193113169,0.12134937539701202,0.07350178014901293,True,103.232771265298,122.490848146995,119.54350130561,126.451667332227,112.374741240842,116.006314675814,84.2964851460563,6.649994167449713,14.371090919513652,-0.11807447774809798,3.6881559803506825
USA,United States,2008,V,Current prices,14247901760000.0,1784246400000.0,1109690300000.0,674556100000.0,0.6219378108315085,0.12522871297506757,0.07788447160096085,True,94.7735886694594,109.682687137891,107.04352734448,111.702440514508,99.2674364333146,103.429141793359,86.4269515120753,8.177411296501269,1.0161030386980352,-8.194280258251851,2.5273489900885515
USA,United States,2009,V,Current prices,14006530820000.0,1791009660000.0,1121359000000.0,669650660000.0,0.6261043840489392,0.12786961189865856,0.08005972459638654,True,89.0778094601096,101.973272682113,99.5196150604053,105.752206193842,93.9795975600597,97.4816554602953,87.3587359334977,1.051527619913406,-0.7272100867518616,-6.009880272883716,1.0781178846649642
USA,United States,2010,V,Current prices,14539852780000.0,1854143900000.0,1136886870000.0,717257020000.0,0.6131599979915259,0.1275215043821097,0.07819108537081075,True,86.451696178172,99.1635790482799,96.7775276337482,99.5936268206092,88.5066071434133,92.9417234141189,87.1878105781715,1.3847367346228934,7.10913358914631,-2.9481116541304475,-0.19565914444586996
USA,United States,2011,V,Current prices,15055231900000.0,1912084160000.0,1148597060000.0,763487100000.0,0.60070423887618,0.12700463019769226,0.07629221971665544,True,82.7073139249715,93.2797205102699,91.035245157456,91.4668512844464,81.2845252423551,86.720585168267,88.6745658011848,1.0300224506946787,6.445399446909561,-4.3311842551747475,1.7052328911050019
USA,United States,2012,V,Current prices,15681134300000.0,1963201400000.0,1152366540000.0,810834860000.0,0.5869833528032325,0.12519511423354113,0.07348744790738766,True,84.9285974114361,93.2989384097569,91.0540006402303,90.331181621634,80.275281258578,87.4105843745349,91.0267861540178,0.32818123354765305,6.201514079281756,2.6857159071562275,2.652643778495478
USA,United States,2013,V,Current prices,16271922620000.0,2051828270000.0,1185914770000.0,865913500000.0,0.5779795450425294,0.1260962406174471,0.07288104778364538,True,90.7710540829138,96.9756419931821,94.6422362208842,97.4265935148541,86.5808135802906,92.2091169745851,93.5992915398936,2.911246451150862,6.792830786776971,6.879257222598367,2.8260971243377897
USA,United States,2014,V,Current prices,16965381280000.002,2105203980000.0,1210434670000.0,894769310000.0,0.5749726304431555,0.12408822090439925,0.07134733078041379,True,95.1338285164455,98.5357065160489,96.1647628271361,98.1612484935948,87.2336848700015,95.3098622090111,96.5494519824177,2.0675937782611564,3.3324125331225307,4.80634986297126,3.151904671486405
USA,United States,2015,V,Current prices,17633973870000.0,2157569810000.0,1239669160000.0,917900650000.0,0.5745673462125427,0.12235301163004389,0.07030004519338669,True,100.0,100.0,97.5938228153603,100.0,88.8677418112644,100.0,100.0,2.415205935897391,2.5851736018974503,5.115080050324372,3.573865979281443
USA,United States,2016,V,Current prices,18138283850000.0,2230630850000.0,1285030790000.0,945600060000.0,0.5760840212534495,0.12297915659755208,0.07084632706307549,True,105.540887809343,101.701792406546,99.2546670812898,103.31790564989,91.8162896377498,104.481364559963,103.772815565922,3.65917225850807,3.0176915116031378,5.540887809343009,3.772815565921994
USA,United States,2017,V,Current prices,18916537760000.0,2331613580000.0,1343122400000.0,988491180000.0,0.5760484548215746,0.12325794548568596,0.07100254904151128,True,111.977094847514,103.938092280389,101.437157617789,105.229586522284,93.5151572596847,108.951875138666,107.730991159649,4.52063954047357,4.535862656353884,6.098306705357492,3.814270213389892
USA,United States,2018,V,Current prices,19894230480000.0,2474202500000.0,1402253580000.0,1071948909999.9999,0.5667497223852939,0.12436784134412018,0.07048543955543839,True,118.750073338731,106.381726620106,103.821993785548,106.257812156076,94.4289181611604,113.224328915072,111.627441744116,4.402516107243848,8.44294129159553,6.0485392128097,3.616833505869055
USA,United States,2019,V,Current prices,20747663310000.0,2582487400000.0,1463275420000.0,1119211980000.0,0.5666147374039463,0.12447124099778926,0.07052723953230568,True,124.678189648091,107.698421461934,105.1070066165,107.220464222376,95.2844053139798,117.199276577742,115.76506736476,4.351697928986575,4.409078600583682,4.992094861659768,3.7066384000169927
USA,United States,2020,V,Current prices,20663819900000.0,2696611990000.0,1543519710000.0,1153092280000.0,0.572392215017927,0.13049920116657618,0.07469672681380658,True,134.403492097018,112.571473670148,109.862804554284,107.391292793537,95.436216807539,124.946452550984,119.38146790722,5.483881496485465,3.0271566607069422,7.8003237586116825,3.1239134782042877
USA,United States,2021,V,Current prices,22861694140000.0,2901429430000.0,1627731990000.0,1273697440000.0,0.5610103672244063,0.126912266966406,0.07119909749610534,True,156.591685148027,128.249017117417,125.163118528013,115.83643933617,102.94122783263,139.791199971733,122.061918309288,5.4558603595674215,10.459280847843333,16.508643268727475,2.2452818256106344
USA,United States,2022,V,Current prices,25082295520000.0,3179809750000.0,1797994900000.0,1381814850000.0,0.5654410299232525,0.12677506919031786,0.07168382569156494,True,177.381161920184,137.098984727837,133.800140236943,131.550621091859,116.906066303028,148.67647652118,129.426369413955,10.460131707554643,8.488468815639605,13.276232867986959,6.033373231122341
USA,United States,2023,V,Current prices,26837236850000.0,3477023420000.0,1980840100000.0,1496183310000.0,0.5696942070065205,0.12955966515606468,0.0738093907011146,True,185.449595756914,132.727780478641,129.534114907085,127.044713630756,112.901768094241,149.725431210253,139.720295958044,10.169394807515864,8.27668482503281,4.5486418903719406,7.953500195284846
USA,United States,2024,V,Current prices,28287687720000.0,3712485010000.0,2124312029999.9998,1588172980000.0,0.5722075710145426,0.1312403136922073,0.07509670111700455,True,195.217141314934,132.933272455579,129.734662382958,127.918200971248,113.678016568743,153.600319718114,146.858322029118,7.242983923841195,6.148288741437713,5.266954353906073,5.108796844531049
ZAF,South Africa,2013,V,Current prices,3502360960000.0,263344962000.0,147973224000.0,115371737000.0,0.561898822275552,0.075190697077665,0.04224956413401776,True,87.56275,96.6085736126751,,100.713299256836,104.793344138503,96.950868019406,90.6323932025706,,,,
ZAF,South Africa,2014,V,Current prices,3738792137000.0,280437596000.0,153588826000.0,126848769000.0,0.5476755905438585,0.0750075387247986,0.0410797980663454,True,94.07525,98.8003584296417,,101.612829550382,105.729315736198,98.4521878008298,95.2203728584721,3.795012265191988,9.947871375118499,7.437523376093158,5.062185267078845
ZAF,South Africa,2015,V,Current prices,3981757572000.0,294671198000.0,160476800000.0,134194397999.99998,0.5445961501809213,0.0740053086285686,0.04030300617206938,True,100.0,100.0,,100.0,104.051148072571,100.0,100.0,4.4846843220222254,5.790855565969255,6.297883874876775,5.019542560111523
ZAF,South Africa,2016,V,Current prices,4288839323000.0,313697098000.0,168215569000.0,145481530000.0,0.5362356555813595,0.07314265571053663,0.039221699935901286,True,104.878,99.9196648400817,,99.5941854952437,103.628893421327,98.7029761165375,104.971267127155,4.82235999222318,8.411030689969646,4.8780000000000046,4.97126712715501
ZAF,South Africa,2017,V,Current prices,4592450225000.0,337014158000.0,179133735000.0,157880423000.0,0.5315317791485781,0.0733843899200889,0.039006135335957835,True,109.211,98.978041330939,,98.6330106811044,102.628779992231,98.4021446383061,110.348316723876,6.490579953393016,8.522657824673697,4.131467037891645,5.12240134265276
ZAF,South Africa,2018,V,Current prices,4816887835000.0,357667459000.0,192026566000.0,165640893000.0,0.5368857612512073,0.07425281037294489,0.039865276622120055,True,113.02175,98.0133772623646,,97.436622111025,101.383923949654,97.9797968074289,115.319591351031,7.197321598860196,4.915409936544202,3.4893463112690037,4.5050751789849075
ZAF,South Africa,2019,V,Current prices,5044926051000.0,373259180000.0,196205869000.0,177053311000.0,0.5256558432132868,0.07398704683213601,0.0388917234894074,True,115.85,96.8969188341907,,96.0264765909159,99.9166513464867,96.7989398115727,119.569366032298,2.176419173167954,6.889855393378008,2.5023944506256557,3.6852148290490883
ZAF,South Africa,2020,V,Current prices,5035875341000.0,379960872000.0,208708788000.0,171252085000.0,0.5492902121774266,0.07545080969469534,0.041444391266157836,True,118.59675,97.100369631785,,100.429659331856,104.498213540168,96.2307821285083,122.139515839536,6.372347098342912,-3.276541945041622,2.3709538195943125,2.1495052558393235
ZAF,South Africa,2021,V,Current prices,5603769639000.0,421974212000.0,211003351000.0,210970860000.0,0.5000384976132143,0.07530184843131807,0.03765382315709427,True,126.57225,102.729813877652,,97.9394511303951,101.907123317151,98.87963794263,123.210465759215,1.0994089046216793,23.19316287448412,6.724889172764015,0.876825089994604
