REF_AREA,REF_AREA_LABEL,TIME_PERIOD,PRICE_BASE,PRICE_BASE_LABEL,gdp_basic_prices,real_estate_total,imputed_rent,real_estate_excl_imputed,real_estate_check_sum,imputed_share_of_re,re_share_of_gdp,imputed_share_of_gdp,re_excl_imputed_share_of_gdp,reliable,HPI,HPI_RPI,HPI_RPI_AVG,HPI_YDH,HPI_YDH_AVG,RHP,RPI,imputed_rent_yoy,real_estate_excl_imputed_yoy,HPI_yoy,RPI_yoy,imputed_share_change,imputed_share_lag1,gdp_growth,re_total_growth,years_since_start,xgb_pred_oof
AUS,Australia,2013,V,Current prices,1479312000000.0,173128000000.0,136809000000.0,36319000000.0,173128000000.0,0.7902187976526038,0.1170327828071427,0.0924815049157986,0.024551277891344,True,84.1065,87.6314627994872,114.832165478591,88.3898364777304,109.054585273528,86.5919453296031,95.9662819957851,6.1604717932800535,13.115111498691912,6.625549487989701,3.286727112791765,-0.0103253760854225,0.8005441737380263,3.9227298304920444,7.547615202077296,1,-0.009494896978139877
AUS,Australia,2014,V,Current prices,1507569000000.0,183233000000.0,144663000000.0,38570000000.0,183233000000.0,0.7895029825413544,0.121542032238657,0.0959577969565572,0.0255842352820998,True,91.72025,93.2282639710747,122.166207131611,93.052227693922,114.807001622809,92.8803612584584,98.3819622977452,5.740850382650264,6.197857870536083,9.052510804753489,2.5172177682847074,-0.0007158151112494071,0.7902187976526038,1.9101447159219909,5.836721962940716,2,-0.001267280662432313
AUS,Australia,2015,V,Current prices,1542772000000.0,187264000000.0,143602000000.0,43662000000.0,187264000000.0,0.7668425324675324,0.121381513276103,0.0930805070353882,0.0283010062407147,True,100.0,100.0,131.039882035683,100.0,123.379100606215,100.0,100.0,-0.7334287274562312,13.201970443349763,9.027177749733584,1.6446487389201847,-0.022660450073822003,0.7895029825413544,2.3350838336421154,2.1999312350941214,3,-0.002379909623414278
AUS,Australia,2016,V,Current prices,1644561000000.0,194122000000.0,148204000000.0,45918000000.0,194122000000.0,0.7634580315471714,0.1180387957637326,0.0901176666599779,0.0279211291037547,True,105.5,104.714439498908,137.217677993696,105.135169282325,129.714826281354,104.85357651277,100.752062594008,3.204690742468763,5.1669644084100685,5.499999999999994,0.7520625940079961,-0.003384500920361022,0.7668425324675324,6.597799285960604,3.662209501025293,4,-0.00128289929125458
AUS,Australia,2017,V,Current prices,1725711000000.0,199698000000.0,152707000000.0,46991000000.0,199698000000.0,0.7646896814189426,0.115719260061505,0.088489324110468,0.0272299359510369,True,114.30825,112.746807519495,147.743283572544,112.448696366851,138.738190220834,112.23658345673,101.39016267377,3.038379530916835,2.3367742497495625,8.349052132701429,0.6333369891724283,0.0012316498717711566,0.7634580315471714,4.93444755165664,2.872420436632628,5,-0.0023274843115359545
AUS,Australia,2018,V,Current prices,1826425000000.0,206953000000.0,159154000000.0,47799000000.0,206953000000.0,0.7690345150831348,0.113310428843232,0.0871396306993169,0.026170798143915,True,112.66375,110.409219652249,144.680111188824,107.624053909329,132.785589749278,108.803108701494,102.05103775638,4.221810395070302,1.719478197952795,-1.4386538154507744,0.6518138103164928,0.004344833664192249,0.7646896814189426,5.8360872706959555,3.632985808570943,6,-0.0024696742184460163
AUS,Australia,2019,V,Current prices,1857042000000.0,220291000000.0,173478000000.0,46813000000.0,220291000000.0,0.7874947228892691,0.1186246730014722,0.0934163039931245,0.0252083690083476,True,108.08375,105.540470631653,138.300108215622,100.728895893051,124.278405803418,102.542087493784,102.415712801964,9.000087965115554,-2.06280466118538,-4.06519399540668,0.3573457493441401,0.018460207806134332,0.7690345150831348,1.6763349165719976,6.444941605098742,7,0.0002155528636649251
AUS,Australia,2020,V,Current prices,1944802000000.0,224071000000.0,174740000000.0,49331000000.0,224071000000.0,0.7798421036189422,0.115215327832859,0.0898497636263228,0.0253655642065361,True,113.9165,112.289982838136,147.144661048982,100.402162718949,123.875285351829,106.792680653415,101.458537682317,0.7274697656187046,5.3788477559652215,5.396509651080761,-0.93459791809275,-0.007652619270326899,0.7874947228892691,4.725795108565123,1.7159121344040296,8,-0.000670395209454
AUS,Australia,2021,V,Current prices,2180676000000.0,247439000000.0,152993000000.0,94446000000.0,247439000000.0,0.6183059259049705,0.1134689426581482,0.0701585196517043,0.0433104230064438,True,133.76375,132.076165792074,173.072451851187,112.291795284242,138.54460707627,122.747949845308,101.27623765953,-12.445347373240246,91.45364983478947,17.42262973318176,-0.1796793320221312,-0.16153617771397177,0.7798421036189422,12.128432611648886,10.428837288180981,9,-0.0017908703302964568
AUS,Australia,2022,V,Current prices,2408297000000.0,261941000000.0,163452000000.0,98489000000.0,261941000000.0,0.6240031152053325,0.108766069965623,0.0678703664871899,0.0408957034784331,True,142.650023805628,137.692336520613,180.431875348787,115.935388583704,143.040039718895,124.420113150234,103.646337955792,6.8362604825057405,4.280753022891393,6.64326008027436,2.340233356841126,0.0056971893003620044,0.6183059259049705,10.438093508618419,5.860838428865289,10,-0.005661518778651953
AUS,Australia,2023,V,Current prices,2511352000000.0,292209000000.0,182803000000.0,109406000000.0,292209000000.0,0.6255899031172893,0.1163552540623536,0.0727906721160554,0.0435645819462982,True,144.499256217277,130.737882343719,171.318766799159,117.259313772796,144.673486709895,119.11262735258,110.528738816092,11.838949661062582,11.084486592411324,1.2963421682766318,6.640274028046722,0.0015867879119568773,0.6240031152053325,4.27916490366429,11.555273897557083,11,0.005370889324694872
AUT,Austria,2011,V,Current prices,274868077000.0,25332448000.0,13976204000.0,11356244000.0,25332448000.0,0.5517115440244859,0.0921622047801498,0.0508469522999573,0.0413152524801925,True,81.4725,95.2191289813099,93.842378509165,86.4355344163223,89.3804707290608,87.8553821419631,85.5564717502062,4.397828801861925,6.232672430510355,5.367131171392536,3.3180526529106524,-0.0043051305195475065,0.5560166745440334,4.785386156577576,5.212468777800949,1,-0.011571121402084827
AUT,Austria,2012,V,Current prices,281956183000.0,26341516000.0,14360871000.0,11980645000.0,26341516000.0,0.5451801255478235,0.0934241473966896,0.0509329884069256,0.042491158989764,True,86.8625,97.2420147141145,95.8360158239518,88.2776317046108,91.2853299269332,91.5441301876843,89.3258500983163,2.7522995514375648,5.498305601746489,6.615729233790546,4.4057197205552345,-0.006531418476662387,0.5517115440244859,2.578730159341136,3.983302363829977,2,-0.00875961035490036
AUT,Austria,2013,V,Current prices,287195976000.0,27758878000.0,15160921000.0,12597957000.0,27758878000.0,0.5461647621348384,0.0966548291749046,0.0527894617854952,0.0438653673894093,True,91.1949999999999,99.0165664493031,97.5849097426343,93.8439099539988,97.0412562771182,94.2042943740366,92.1010982227472,5.571040920846659,5.152577344541975,4.98776802417602,3.106881290663721,0.0009846365870149754,0.5451801255478235,1.8583713768036025,5.380715369608957,3,0.003511320101097226
AUT,Austria,2014,V,Current prices,297231274000.0,28678371000.0,16062308000.0,12616063000.0,28678371000.0,0.5600843925200633,0.0964850387849833,0.0540397643351621,0.0424452744498211,True,94.675,98.867577106464,97.4380746008502,95.7408230452747,99.0027989016332,95.9712670929411,95.7600140460032,5.945463339595269,0.143721716148093,3.815998684138511,3.972716822992584,0.013919630385224813,0.5461647621348384,3.4942334985919254,3.312428549885915,4,-0.0027559769805520773
AUT,Austria,2015,V,Current prices,307040613000.0,29896729000.0,16711664000.0,13185065000.0,29896729000.0,0.5589796796833526,0.0973706009374075,0.0544281873225676,0.0429424136148399,True,100.0,100.0,98.5541240642778,100.0,103.407089841724,100.0,100.0,4.0427315924959295,4.510139177332895,5.624504885133352,4.42772068930557,-0.001104712836710653,0.5600843925200633,3.300237847784482,4.248351484120216,5,-0.0067196618765592575
AUT,Austria,2016,V,Current prices,318953380000.0,31014220000.0,17111749000.0,13902471000.0,31014220000.0,0.5517388152918242,0.0972374708805405,0.0536496869856027,0.0435877838949378,True,106.705,103.511102553463,102.014460430842,103.76119551868,107.296432670848,105.264704107334,103.082848193641,2.394046457611876,5.441050157886962,6.705000000000005,3.082848193640997,-0.007240864391528379,0.5589796796833526,3.879866863084991,3.7378370055132226,6,-0.001453857752494514
AUT,Austria,2017,V,Current prices,329417151000.0,32690579000.0,17885998000.0,14804581000.0,32690579000.0,0.5471300462435982,0.0992376350191918,0.0542958918371557,0.044941743182036,True,112.135,104.469987184738,102.959480779982,106.75643619776,110.393723890841,108.565312649733,107.340474151607,4.524663142265584,6.4888464791618805,5.088796213860647,4.130295226193259,-0.004608769048226047,0.5517388152918242,3.2806584460713273,5.405130291846771,7,-0.0023174756206572056
AUT,Austria,2018,V,Current prices,344262282000.0,34076472000.0,18669075000.0,15407397000.0,34076472000.0,0.5478582113782201,0.0989840414756793,0.0542292199178532,0.044754821557826,True,118.83,106.727734733645,105.184584100391,109.720544946108,113.458822487251,112.616945710845,111.331500049588,4.3781565893052266,4.071820742512067,5.970482008293576,3.7180997471131914,0.0007281651346219276,0.5471300462435982,4.506483938354511,4.239426288534065,8,4.651201015803963e-05
AUT,Austria,2019,V,Current prices,354893116000.0,35025073000.0,19062023000.0,15963050000.0,35025073000.0,0.5442393510500321,0.0986918917863709,0.0537120111397145,0.0449798806466564,True,125.9675,109.873090889849,108.284462308838,114.615908861734,118.520975849562,117.31768953534,114.639250793831,2.104807013737964,3.606404118748929,6.006479845156942,2.971082526301805,-0.003618860328188034,0.5478582113782201,3.088004279248935,2.7837418145869153,9,0.004751755390316248
AUT,Austria,2020,V,Current prices,341771078000.0,36089039000.0,19894024000.0,16195015000.0,36089039000.0,0.551248372116531,0.1055941866444298,0.0582086234927111,0.0473855631517187,True,135.515,113.539574572373,111.89793318611,123.458837285834,127.66519078971,124.946847632381,119.344851852592,4.364704627625304,1.453137088463663,7.579335939825738,4.104703254929354,0.007009021066498922,0.5442393510500321,-3.697461970493676,3.037726716515343,10,0.005716397427022457
AUT,Austria,2021,V,Current prices,362536790000.0,35461435000.0,18248453000.0,17212982000.0,35461435000.0,0.5145999590823102,0.0978147210935475,0.0503354514723871,0.0474792696211603,True,151.015,124.145941727082,122.350945430475,132.443881903312,136.956363949624,136.599032635628,121.702277383012,-8.27168500450185,6.2856811185417305,11.437848208685386,1.9753055903339425,-0.03664841303422084,0.551248372116531,6.075912602528644,-1.7390432590903893,11,0.012461408041417599
AUT,Austria,2022,V,Current prices,402769583000.0,36487205000.0,18781310000.0,17705895000.0,36487205000.0,0.5147368783111779,0.0905907658871052,0.0466304080365472,0.0439603578505579,True,168.4925,137.324415641751,135.338874962116,135.391699399398,140.004616236172,141.529708221222,122.716877611297,2.920011904570763,2.8636118947896527,11.573353640366868,0.8336739871283694,0.00013691922886771568,0.5145999590823102,11.097575228158219,2.892635337515248,12,0.0007469106349162757
BEL,Belgium,2011,V,Current prices,339644316000.0,29628402000.0,17136442000.0,12491960000.0,29628402000.0,0.5783788811829946,0.0872336164754189,0.0504540814985992,0.0367795349768196,True,94.87725,100.631751361646,128.141073087708,98.7155272717081,124.434064082708,99.5592420936416,94.2818895711418,0.4986330169138853,6.359903243851206,3.579480013319003,1.1673229096839544,-0.01375811701959373,0.5921369982025884,4.015142334693778,2.889231979531326,1,0.0016347748460248113
BEL,Belgium,2012,V,Current prices,346646299000.0,30058521000.0,17108809000.000002,12949712000.0,30058521000.0,0.569183327416542,0.086712366717061,0.0493552334161802,0.0373571333008808,True,97.111,101.438012093394,129.167738269987,99.0131075333577,124.809173474019,99.6496761179994,95.7371096802833,-0.1612528435015692,3.664372924665149,2.354357867665846,1.5434778786899803,-0.009195553766452647,0.5783788811829946,2.0615634268409178,1.4517117730480367,2,-0.0017327677924185991
BEL,Belgium,2013,V,Current prices,350216953000.0,29962114000.0,16551832999.999998,13410281000.0,29962114000.0,0.5524254062981002,0.0855530086232004,0.0472616555486964,0.038291353074504,True,98.5505,101.604637854395,129.379913885831,100.017448491555,126.075177218387,100.117327499944,96.9976297748223,-3.2554925360380405,3.5565964710257747,1.48232435048552,1.316647325941367,-0.016757921118441765,0.569183327416542,1.030056864965978,-0.32073101667244863,3,-0.0014592583756893873
BEL,Belgium,2014,V,Current prices,358051345000.0,31157221000.0,17103232000.0,14053990000.0,31157222000.0,0.5489331670497828,0.087018863174498,0.0477675401554489,0.0392513258119446,True,98.21675,99.1827091879466,126.295911728846,98.8178696964668,124.563069966512,98.99019354596,99.0280749271057,3.331347047786193,4.800115672445648,-0.3386588601782758,2.0932935753142035,-0.0034922392483174303,0.5524254062981002,2.237011067822303,3.988727230662037,4,0.00017457158537581563
BEL,Belgium,2015,V,Current prices,373301600000.0,33821300000.000004,19306000000.0,14515300000.0,33821300000.0,0.5708237116846484,0.0906004688969991,0.0517168959361545,0.0388835729608445,True,100.0,100.0,127.336622242816,100.0,126.053182839425,100.0,100.0,12.879249956967186,3.2824130371517324,1.815627171536427,0.9814641692365678,0.021890544634865616,0.5489331670497828,4.259236897992946,8.550438436085184,5,-0.013945051468908787
BEL,Belgium,2016,V,Current prices,384171000000.0,34797500000.0,19720500000.0,15077000000.0,34797500000.0,0.5667217472519578,0.0905781539991305,0.0513326096972441,0.0392455443018864,True,102.33025,101.375479576554,129.08811147524,99.8148142901897,125.819750358045,100.831675229608,100.941807570636,2.147000932352628,3.869709892320517,2.3302500000000004,0.9418075706359996,-0.004101964432690619,0.5708237116846484,2.9116939225548366,2.8863467696392364,6,-0.003338178154081106
BEL,Belgium,2017,V,Current prices,396978700000.0,36108400000.0,20370900000.0,15737500000.0,36108400000.0,0.5641595861350821,0.0909580287305087,0.0513148438442667,0.039643184886242,True,105.94825,103.838106089425,132.223936895184,100.111690120987,126.193971791847,102.323883547956,102.032407652431,3.298090819198296,4.380844995688804,3.535611415001916,1.0804245614799646,-0.002562161116875683,0.5667217472519578,3.333853934836317,3.767224656943746,7,-0.0030015145894140005
BEL,Belgium,2018,V,Current prices,410172800000.0,37512200000.0,21013100000.0,16499099999.999998,37512200000.0,0.5601670923059698,0.0914546259527691,0.0512298718978927,0.0402247540548763,True,109.14475,105.882682520432,134.827431461603,100.164738819689,126.260841365014,103.282854080811,103.081607731121,3.152536215876567,4.83939634630659,3.01703897893546,1.0283008142511374,-0.003992493829112265,0.5641595861350821,3.3236292022720715,3.887738033255417,8,-0.002860213862732053
BEL,Belgium,2019,V,Current prices,427315100000.0,38860700000.0,21582000000.0,17278700000.0,38860700000.0,0.5553682769481765,0.0909415557746496,0.0505060551335536,0.0404355006410959,True,113.23325,108.678831726886,138.387953413971,100.060193260827,126.129058360552,105.601129876467,104.189607814221,2.70735874287944,4.725106217914932,3.745942887770593,1.07487660261385,-0.004798815357793362,0.5601670923059698,4.179287363764739,3.594830481816591,9,-0.003038652939721942
BEL,Belgium,2020,V,Current prices,417994900000.0,41434300000.0,23821800000.0,17612500000.0,41434300000.0,0.5749294666496115,0.099126329053297,0.0569906474935459,0.042135681559751,True,118.08675,110.372650367366,140.544804857677,102.914902852719,129.727510661953,109.130832381314,106.984108023808,10.378092855157073,1.9318582995248468,4.286285168004977,2.682129502368258,0.019561189701435056,0.5553682769481765,-2.181107103399804,6.622629031386462,10,0.004728133324533701
BEL,Belgium,2021,V,Current prices,452382900000.0,43691500000.0,24800200000.0,18891300000.0,43691500000.0,0.5676207042559765,0.0965807947205785,0.0548212587168966,0.0417595360036818,True,125.96225,115.393999244614,146.938820908992,104.720851526754,132.003966446021,113.44602999625,109.152858186464,4.107162347093829,7.260752306600415,6.669249513599107,2.0271703926094897,-0.007308762393634982,0.5749294666496115,8.22689463436037,5.447660513149732,11,-6.553759158123285e-05
BEL,Belgium,2022,V,Current prices,505988000000.0,50201800000.0,28819300000.0,21382500000.0,50201800000.0,0.5740690572847985,0.0992153964125631,0.0569564890866977,0.0422589073258654,True,132.92875,117.658395300813,149.822226361155,101.514972173564,127.962853483334,108.268625674442,112.988208474116,16.205917694212136,13.187022597703702,5.530625246849752,3.5137424263322004,0.006448353028821963,0.5676207042559765,11.84949740584802,14.900609958458745,12,-0.004795329179614782
BGR,Bulgaria,2011,V,Current prices,36109875000.0,4150983000.0,3222494000.0,928489000.0,4150983000.0,0.7763206931948409,0.1149542334333752,0.0892413501846794,0.0257128832486958,True,99.9749999999999,102.362394102953,,112.333906646997,,105.201754800278,97.6684074417101,3.5829980205887013,2.7180502699353903,-5.512369160976405,1.3444704427583387,0.0014594621845109845,0.7748612310103299,8.615938786961209,3.3882647487662343,1,-0.015608904883265495
BGR,Bulgaria,2012,V,Current prices,36295966000.0,4180772000.0,3238253000.0,942519000.0,4180772000.0,0.7745586221874812,0.1151855828826817,0.0892179863734719,0.0259675965092098,True,98.0724999999999,99.5420789159408,,108.045950747293,,100.306364534951,98.531482463287,0.4890311665436853,1.5110572123094634,-1.9029757439359751,0.8836788109727323,-0.0017620710073597001,0.7763206931948409,0.5153465637862231,0.7176372439973822,2,0.004422998055815697
BGR,Bulgaria,2013,V,Current prices,36031087000.0,4124167000.000001,3188887000.0,935279000.0,4124166000.0,0.773219658660767,0.1144613538858819,0.0885037689814909,0.0259575571505794,True,95.915,96.8554794452118,,102.42354774005,,99.5162717150548,99.0297949757448,-1.5244639625131229,-0.768154275935018,-2.199903132886283,0.5057393840019353,-0.001338963526714143,0.7745586221874812,-0.7297753144247521,-1.3539365456905816,3,0.008081507869064808
BGR,Bulgaria,2014,V,Current prices,37184553000.0,3895468000.0,3140217000.0,755251000.0,3895468000.0,0.8061205996301343,0.1047603826244731,0.0844495024587225,0.0203108801657505,True,97.2899999999999,98.0137858169148,,102.408012469569,,99.598551423381,99.2613024815325,-1.526237837841227,-19.24858785453325,1.433560965438052,0.2337756084867193,0.03290094096936724,0.773219658660767,3.2013078040082465,-5.545338004013923,4,0.012610032223165035
CAN,Canada,2011,V,Current prices,1658213000000.0,188267000000.0,124591000000.0,63675000000.0,188266000000.0,0.6617782192311983,0.1135360776932758,0.075135703314351,0.0383997713200897,True,83.664905631846,88.4751724771525,118.541371293863,93.5502567820129,107.648881520059,88.4382167132206,94.5628569562857,4.217517503283164,4.374979510212107,5.415140960376186,1.1131197031923,-0.00034135652134248406,0.6621195757525408,6.628371978473857,4.271274680845183,1,-0.0063096568919718266
CAN,Canada,2012,V,Current prices,1706036000000.0,197404000000.0,130729000000.0,66675000000.0,197404000000.0,0.6622408867094892,0.1157091644021579,0.0766273396340991,0.0390818247680588,True,87.6357398708995,91.3987647391497,122.458477371625,95.3174808946544,109.682437660524,91.4576946351015,95.8852170885217,4.926519572039712,4.711425206124842,4.74611691612552,1.3983927461575174,0.0004626674782909346,0.6617782192311983,2.88400826673052,4.85321378680279,2,-0.00814757402986288
CAN,Canada,2013,V,Current prices,1777213000000.0,206321000000.0,137374000000.0,68947000000.0,206321000000.0,0.6658265518294308,0.1160924436181819,0.0772974314277467,0.0387950121904352,True,90.1085918967196,92.4834639926056,123.9117860609,95.1432140331475,109.481907663359,92.8006704057071,97.432659743266,5.083034368808748,3.407574053243345,2.821739200767848,1.6138490392274996,0.003585665119941628,0.6622408867094892,4.172069053642469,4.517132378269939,3,-0.007670625578612089
CAN,Canada,2014,V,Current prices,1867752000000.0,215604000000.0,143692000000.0,71912000000.0,215604000000.0,0.6664625888202446,0.115435025635095,0.0769331260252967,0.0385018996097983,True,94.8893761400259,96.0036193133766,128.62818307046,97.9316952666187,112.690630934128,95.8704423761409,98.8394273839428,4.599123560499074,4.300404658650847,5.305580902635709,1.4438358188964884,0.0006360369908137153,0.6658265518294308,5.094437189014478,4.499299635034726,4,-0.007309325039386749
CAN,Canada,2015,V,Current prices,1856814000000.0,225597000000.0,150302000000.0,75295000000.0,225597000000.0,0.6662411290930287,0.1214968219757067,0.0809461798543095,0.0405506421213971,True,100.0,100.0,133.982639394656,100.0,115.070642479259,100.0,100.0,4.600116916738584,4.704360885526748,5.385875709028243,1.1742000604161085,-0.00022145972721587803,0.6664625888202446,-0.5856237873122394,4.6348861802193,5,-0.0017363710794597864
CAN,Canada,2016,V,Current prices,1886103000000.0,236708000000.0,156652000000.0,80056000000.0,236708000000.0,0.661794278182402,0.1255010993567159,0.0830559094598757,0.0424451898968402,True,109.983555274126,109.25877672272,146.387792823414,110.951031511283,127.672064797398,109.07417165482,100.661185066119,4.224827347606808,6.32312902583172,9.983555274126,0.6611850661190077,-0.004446850910626687,0.6662411290930287,1.5773793174760575,4.925154146553368,6,-0.006911800242960453
CAN,Canada,2017,V,Current prices,1991534000000.0,245057000000.0,162099000000.0,82957000000.0,245056000000.0,0.6614746773199704,0.1230493679746366,0.081394040975449,0.0416548248736903,True,122.684743263806,121.108277972726,162.264067353275,119.46801465615,137.472612022047,120.417082979434,101.301285130129,3.477134029568729,3.623713400619577,11.548260972309189,0.6358956171532704,-0.00031960086243154606,0.661794278182402,5.589885600097122,3.5271304729878272,7,-0.006116811651736498
CAN,Canada,2018,V,Current prices,2083379000000.0,253370000000.0,169786000000.0,83584000000.0,253370000000.0,0.670110905000592,0.1216149342006423,0.0814954936187798,0.0401194405818624,True,127.159315370148,124.115870657173,166.293719414138,122.141723311811,140.54926575014,122.851389532949,102.454810245481,4.742163739443184,0.7558132526489736,3.6472115336464,1.1387072867537815,0.008636227680621555,0.6614746773199704,4.61177162930686,3.3922720020240105,8,-0.0029556206427514553
CAN,Canada,2019,V,Current prices,2161924000000.0,268487000000.0,179486000000.0,89002000000.0,268488000000.0,0.6685090898255781,0.1241889169091975,0.083021419809392,0.0411679596507555,True,129.030139213111,122.591500648946,164.251328242974,120.12542293829,138.229095956017,122.650876746811,105.254260525426,5.713074105049887,6.482101837672283,1.4712440354976986,2.7323756427224177,-0.0016018151750138987,0.670110905000592,3.770077359904267,5.966373288076721,9,-0.0025727651081979275
CAN,Canada,2020,V,Current prices,2083990000000.0,281548000000.0,186717000000.0,94832000000.0,281549000000.0,0.6631799906232685,0.1351004563361628,0.0895959193662157,0.0455050168186987,True,137.385761135631,128.377162128406,172.003110199595,120.432419384799,138.582358739404,129.657864357615,107.012760701276,4.0287264744882645,6.550414597424781,6.475713328278698,1.6707163843739936,-0.005329099202309617,0.6685090898255781,-3.604844573629784,4.864667563047753,10,0.00019671845075208694
CAN,Canada,2021,V,Current prices,2366372000000.0,292873000000.0,191562000000.0,101310000000.0,292872000000.0,0.6540787303711848,0.1237645644894378,0.0809517692061941,0.0428123726954172,True,157.623642601291,144.812464902195,194.02356264842,134.42243505909,154.68075965876,144.488827587191,108.820435882044,2.5948360352833437,6.831027501265385,14.730697925588254,1.6892146029332755,-0.009101260252083687,0.6631799906232685,13.55006501950584,4.022404705414351,11,0.008055097423493862
CAN,Canada,2022,V,Current prices,2674953000000.0,308117000000.0,204726000000.0,103391000000.0,308117000000.0,0.6644424033727447,0.1151859490615349,0.0765344288292168,0.0386515202323181,True,175.382056346813,154.052203142805,206.403207816348,145.538315729117,167.471874962987,151.953862973622,113.891836389184,6.871926582516363,2.054091402625602,11.266338889554708,4.660338351003435,0.010363673001559937,0.6540787303711848,13.040257406696831,5.2049864617086605,12,0.008678142912685871
CHL,Chile,2019,V,Current prices,175974309648000.0,15533592643000.0,11002628739000.0,4530963904000.0,15533592643000.0,0.7083119141764145,0.0882719339775886,0.0625240625237199,0.0257478714538687,True,137.49984374961,116.19279007278,,116.824931377066,,124.948845083656,118.358779287214,7.13766266395377,3.904326834132954,8.42847144870833,4.554265128047796,0.006371419054399974,0.7019404951220145,3.4570952351042683,6.1739361874131315,1,-0.004879924468696117
CHL,Chile,2020,V,Current prices,181622712957000.0,16195947003000.0,12441241529000.0,3754705474000.0,16195947003000.0,0.7681700567861509,0.0891735771331334,0.0685004718101833,0.0206731053229501,True,146.627616569042,119.848858314044,,111.295372340875,,126.552643023392,122.388253582056,13.075173434696396,-17.13230223076171,6.63838777595549,3.4044574632388747,0.05985814260973643,0.7083119141764145,3.209788588060647,4.264012680276386,2,-0.002248474396765232
CHL,Chile,2021,V,Current prices,214091859874000.0,18300845204000.0,13774708896000.0,4526136307000.0,18300845203000.0,0.7526815697555473,0.0854812752561944,0.0643401804445384,0.021141094806985,True,163.996909992275,130.539201086957,,109.460296769941,,135.491505861676,125.653478010641,10.718121369895004,20.545708267715916,11.845854027814994,2.6679230506347684,-0.01548848703060357,0.7681700567861509,17.87725025596727,12.996450288520368,3,-0.006630399730056524
CHL,Chile,2022,V,Current prices,235700177024000.0,20750298213000.0,15538781147000.0,5211517066000.0,20750298213000.0,0.7488461605465024,0.0880368376256548,0.0659260478426275,0.0221107897830273,True,175.24118810297,133.964490832353,,112.778669937767,,130.684273435751,130.843952102308,12.80660276974901,15.14273350407076,6.856396325531167,4.130784259889286,-0.0038354092090449043,0.7526815697555473,10.093012019568226,13.384370949515635,4,-0.0038983128033578396
CHL,Chile,2023,V,Current prices,253479164131000.0,22372633266000.0,16860860083000.0,5511773183000.0,22372633266000.0,0.7536377091839109,0.0882622180907841,0.0665177358494293,0.0217444822413548,True,189.200723001808,133.775243832236,,112.717576378255,,131.63137832099,141.477400242662,8.508253790904629,5.761395639647327,7.965898342708977,8.126816692329486,0.004791548637408494,0.7488461605465024,7.543052080605639,7.818369819782212,5,-0.009043747559189796
CZE,Czechia,2009,V,Current prices,3569244000000.0,325171000000.0,198048000000.0,127123000000.0,325171000000.0,0.6090580033274801,0.0911036062538733,0.055487380520917,0.0356162257329563,True,96.9325000000001,117.042031632419,,109.060383229044,,104.69895718697,82.9055189271288,3.712858324867252,10.85502507085241,-3.8041199527612313,16.477471228525033,-0.015737094060563783,0.6247950973880438,-2.5507089367641345,6.392634303232958,15,0.00036903235013596714
CZE,Czechia,2010,V,Current prices,3653610000000.0,371704000000.0,251378000000.0,120326000000.0,371704000000.0,0.6762854314185481,0.1017360911536808,0.0688026362967038,0.032933454856977,True,95.2147500000001,105.967134886292,,103.86112198175,,100.469911043487,89.8691478465201,26.92781547907579,-5.346790116658672,-1.772109457612259,8.399475703797354,0.06722742809106808,0.6090580033274801,2.3636938242384,14.310316725661277,16,0.00826050154864788
CZE,Czechia,2011,V,Current prices,3701935000000.0,369129000000.0,253643000000.0,115486000000.0,369129000000.0,0.6871391844043682,0.0997124476793892,0.0685163299733787,0.0311961177060105,True,95.21475,103.187686920801,,102.952068971092,,99.2528160476724,92.3014273941533,0.9010335033296402,-4.022405797583229,-9.992007221626409e-14,2.706467798923695,0.010853752985820031,0.6762854314185481,1.3226644332591686,-0.6927555259023332,17,0.0014206331688910723
CZE,Czechia,2012,V,Current prices,3706986000000.0,370571000000.0,247910000000.0,122661000000.0,370571000000.0,0.6689946056221345,0.0999655785050172,0.0668764327677525,0.0330891457372647,True,93.8650000000001,97.5148843505222,,100.039063018662,,96.0673473918785,96.2663587191693,-2.260263441135768,6.212874287792469,-1.417584985519471,4.295633812990385,-0.018144578782233634,0.6871391844043682,0.13644215795252101,0.3906493393908361,18,0.009884878061711788
CZE,Czechia,2013,V,Current prices,3739215000000.0,374274000000.0,248992000000.0,125282000000.0,374274000000.0,0.6652666228485014,0.1000942711237519,0.0665893777169807,0.0335048934067712,True,93.8037500000001,95.5115014094012,,100.11704562435,,95.4082978081033,98.2155114058401,0.4364487112258564,2.136783492715688,-0.0652532892984614,2.0247495725447706,-0.003727982773633176,0.6689946056221345,0.8694125092460592,0.9992686961473041,19,0.0027512507513165474
CZE,Czechia,2014,V,Current prices,3962801000000.0,395364000000.0,259269000000.0,136095000000.0,395364000000.0,0.6557729080037636,0.0997688251315168,0.0654256925846137,0.034343132546903,True,96.0737500000001,96.9398505327269,,98.7514482774702,,96.6156035080514,99.10679281503,4.12744184552114,8.63092862502195,2.419945897685327,0.907475200640162,-0.00949371484473771,0.6652666228485014,5.979490347572947,5.63490918418057,20,-0.0027155796997249126
CZE,Czechia,2015,V,Current prices,4191609000000.0,413582000000.0,269464000000.0,144118000000.0,413582000000.0,0.6515370591563463,0.0986690313910481,0.0642865305423287,0.0343825008487194,True,100.0,100.0,,100.0,,100.0,100.0,3.932209404132392,5.895146772475113,4.086704224618987,0.9012572797477691,-0.004235848847417345,0.6557729080037636,5.773895787348393,4.607905626207742,21,-0.0016441436018794775
CZE,Czechia,2016,V,Current prices,4360876000000.0,441615000000.0,286059000000.0,155556000000.0,441615000000.0,0.6477565300091709,0.1012674976312098,0.0655966828683044,0.0356708147629054,True,107.17775,105.909028781829,,103.151482875761,,106.05764560981,101.186792410991,6.158522103138076,7.93655199211758,7.177750000000005,1.186792410991,-0.0037805291471754154,0.6515370591563463,4.038234482271608,6.778099627159784,22,-0.004898478742688894
CZE,Czechia,2017,V,Current prices,4661221000000.0,478248000000.0,316664000000.0,161584000000.0,478248000000.0,0.6621334537729379,0.102601442840835,0.0679358477102887,0.0346655951305462,True,119.7545,115.879398443353,,106.782074448194,,115.090452298047,103.337842249662,10.698841847311224,3.87513178533776,11.7344784715111,2.125820759229202,0.01437692376376698,0.6477565300091709,6.88726301779734,8.295234536870355,23,-0.00935335736721754
CZE,Czechia,2018,V,Current prices,4941127000000.0,545744000000.0,365561000000.0,180183000000.0,545744000000.0,0.6698397050631798,0.1104492962840258,0.0739833240473276,0.0364659722366982,True,130.0,122.101021989253,,108.116704206393,,121.412644674043,106.453192016011,15.441287926635171,11.510421823942972,8.555419629325002,3.0147230661371704,0.007706251290241939,0.6621334537729379,6.004993112319701,14.113179772837526,24,0.01086516585201025
CZE,Czechia,2019,V,Current prices,5330260000000.0,602871000000.0,410204000000.0,192667000000.0,602871000000.0,0.6804175354263184,0.1131034883851819,0.0769575968151647,0.0361458915700172,True,141.8405,128.467291596999,,111.125276669456,,128.712993253784,110.396841720237,12.212188937003663,6.928511568793949,9.108076923076911,3.704585677086003,0.01057783036313864,0.6698397050631798,7.875389561935964,10.467728458764558,25,-0.0033760841470211744
CZE,Czechia,2020,V,Current prices,5315366000000.0,654823000000.0,453197000000.0,201626000000.0,654823000000.0,0.6920908398147285,0.1231943388282199,0.0852616734200429,0.0379326654081769,True,153.8035,135.107965423192,,115.50720977718,,135.498579276431,113.833591462481,10.480882682762726,4.6499919550312185,8.434121425121898,3.1130870128995625,0.011673304388410077,0.6804175354263184,-0.27942351780213537,8.617432253334467,26,0.008002392016351223
CZE,Czechia,2021,V,Current prices,5749003000000.0,728058000000.0,510001000000.0,218057000000.0,728058000000.0,0.7004950155070063,0.1266407410119633,0.088711207838994,0.0379295331729692,True,184.17175,157.954177091728,,126.528084363015,,155.653837213403,116.528566260358,12.534063552936136,8.149246624939256,19.74483675599059,2.367468831698294,0.008404175692277804,0.6920908398147285,8.15817763066551,11.183938255070448,27,-0.017735404893755913
CZE,Czechia,2022,V,Current prices,6418123000000.0,810426000000.0,585618000000.0,224808000000.0,810426000000.0,0.7226051484034323,0.1262714971339751,0.0912444339256196,0.0350270632083554,True,215.27625,176.086790465744,,133.641493776972,,159.332914707532,122.277165829213,14.82683367287516,3.095979491600831,16.8888551039994,4.933210588046699,0.022110132896425938,0.7004950155070063,11.638887647127682,11.313384373223023,28,0.0014061443507671356
CZE,Czechia,2023,V,Current prices,7036354000000.0,853506000000.0,609724000000.0,243782000000.0,853506000000.0,0.7143757630291996,0.1212994684463004,0.0866534003263622,0.0346460681199382,True,211.71775,161.665874044745,,120.559226447858,,144.282300961725,131.017440173692,4.116335221936485,8.440091099960846,-1.6529923760749354,7.147920288475373,-0.008229385374232678,0.7226051484034323,9.632582610211738,5.315722842060833,29,0.0007514512981288135
CZE,Czechia,2024,V,Current prices,7355682000000.0,902575000000.0,631328000000.0,271247000000.0,902575000000.0,0.6994742819156303,0.1227044616665049,0.0858286152120225,0.0368758464544824,True,222.2085,158.851142888893,,121.134676339164,,146.610153964954,139.86893950983,3.5432425162860604,11.26621325610586,4.955063994398201,6.755970292507185,-0.01490148111356926,0.7143757630291996,4.538259445161508,5.749110140994906,30,0.006350800860673189
DNK,Denmark,2006,V,Current prices,1428654100000.0,133011910000.0,57023060000.0,75988850000.0,133011910000.0,0.4287064218535017,0.0931029491323337,0.0399138321865313,0.0531891169458023,True,102.905257263143,128.045534490764,145.500783527522,126.274558352608,144.411445577231,119.011989932782,80.3670044632996,1.0200314346413109,4.110744599695737,24.055165097467057,2.0125441886736484,-0.007396244055826562,0.4361026659093283,6.010737785053255,2.7628763488544372,1,-0.005981047172099352
DNK,Denmark,2007,V,Current prices,1475014740000.0,136901440000.0,58369890000.0,78531550000.0,136901440000.0,0.426364324582707,0.0928136080863842,0.0395724113238353,0.0532411967625489,True,105.65776414441,128.835092290253,146.397974350481,129.768624865201,148.407366866597,120.147910957161,82.0229892977011,2.361904113879554,3.3461488099898906,2.674797142995766,2.060528254674132,-0.0023420972707947074,0.4287064218535017,3.245057008550911,2.924196788092126,2,0.007414459716528654
DNK,Denmark,2008,V,Current prices,1545452490000.0,138324720000.0,60826480000.0,77498240000.0,138324720000.0,0.439736874218867,0.0895043496290203,0.039358362934858,0.0501459866941623,True,100.191250478126,119.223343166927,135.475945448217,121.779478482911,139.270734808278,110.509916988343,84.0714340928567,4.208659635986978,-1.315789641233367,-5.173792679175504,2.497403243523366,0.01337254963615997,0.426364324582707,4.775392956412072,1.039638443540114,3,0.0025215737987309694
DNK,Denmark,2009,V,Current prices,1484940570000.0,145697280000.0,64928900000.0,80768380000.0,145697280000.0,0.4456424992971728,0.0981165731097238,0.0437249148630911,0.0543916582466327,True,88.1882204705512,101.395117900923,115.217365128137,102.350107973558,117.050712671464,95.9919246282321,86.9899588010042,6.744463924264554,4.219631310336847,-11.98011797466818,3.471482007698357,0.005905625078305832,0.439736874218867,-3.9154823840621633,5.329893311911271,4,0.007082097698003054
DNK,Denmark,2010,V,Current prices,1562742710000.0,155197650000.0,71882870000.0,83314780000.0,155197650000.0,0.4631698353679969,0.0993110695745942,0.0459978917450845,0.0533131778295097,True,90.6732266830667,101.414783274413,115.239711297901,100.384247836043,114.802494915133,96.3771912471795,89.42010105799,10.710130619801038,3.152718922925035,2.817843697555178,2.7935893871899875,0.017527336070824073,0.4456424992971728,5.239411029089203,6.520622759738548,5,0.00029655423713847995
DNK,Denmark,2011,V,Current prices,1593742160000.0,164389490000.0,80034710000.0,84354780000.0,164389490000.0,0.4868602609570721,0.1031468540682891,0.0502181042885883,0.0529287497797008,True,89.1057227643069,96.7756664915942,109.968187152523,95.0262073927862,108.6748760506,92.5916740392883,92.1066682893333,11.34044870495572,1.2482779165953417,-1.7287395365764846,3.004433230958914,0.023690425589075192,0.4631698353679969,1.983656669881384,5.92266699914592,6,0.004574123304337263
DNK,Denmark,2012,V,Current prices,1636086400000.0,164887470000.0,78877530000.0,86009940000.0,164887470000.0,0.4783718859898814,0.1007816396493486,0.0482111030322115,0.052570536617137,True,86.7357168392921,91.829165583888,104.347376082046,91.3684883812445,104.491796760019,88.0754880335815,94.4663455533655,-1.4458476828366096,1.9621413273794408,-2.6597684766933583,2.561896231681926,-0.008488374967190682,0.4868602609570721,2.656906560092498,0.3029269085268238,7,-0.003409301396459341
DNK,Denmark,2013,V,Current prices,1669456220000.0,168068140000.0,81193290000.0,86874850000.0,168068140000.0,0.4830974508315496,0.1006723854070279,0.0486345727592664,0.0520378126477614,True,90.1757254393136,93.5030411855978,106.249435474785,94.5194703744924,108.095356103795,90.8950451121359,96.4521553547846,2.935893149798185,1.0055930744748751,3.9660807858374,2.102134670063305,0.004725564841668195,0.4783718859898814,2.039612333431773,1.928994362033687,8,0.005296864081174135
DNK,Denmark,2014,V,Current prices,1718978930000.0,176017140000.0,85295130000.0,90722010000.0,176017140000.0,0.4845842285586506,0.1023963336188187,0.0496196483339094,0.0527766852849092,True,93.5399838499596,95.3158084312345,108.309320309052,97.7183957750641,111.753744993981,93.70484114228,98.1472851852716,5.051944563399258,4.428393257657426,3.7307805335151656,1.7574825821690787,0.0014867777271009852,0.4830974508315496,2.966397645336283,4.729629303923999,9,0.0032957326620817184
DNK,Denmark,2015,V,Current prices,1761018570000.0,188608770000.0,86269780000.0,102338990000.0,188608770000.0,0.4574006818452821,0.1071020903544475,0.0489885691551793,0.0581135211992682,True,100.0,100.0,113.632063863983,100.0,114.363057342063,100.0,100.0,1.1426795410242052,12.805029341832252,6.906154869988468,1.887688295433798,-0.02718354671336848,0.4845842285586506,2.44561694540375,7.153638560426567,10,0.007524965796619654
DNK,Denmark,2016,V,Current prices,1822909480000.0,196003300000.0,89374020000.0,106629280000.0,196003300000.0,0.4559822207075085,0.1075222341813703,0.049028227117454,0.0584940070639163,True,104.625511563779,103.210679660401,117.280425426158,100.120327373788,114.500667405547,104.547570082625,101.375039862496,3.598293631906801,4.192234064455791,4.6255115637789945,1.375039862495986,-0.0014184611377736078,0.4574006818452821,3.5144950231842165,3.920565305632384,11,0.002553087892010808
DNK,Denmark,2017,V,Current prices,1903817650000.0,205539920000.0,91730400000.0,113809520000.0,205539920000.0,0.4462899469845079,0.1079619783964078,0.0481823456148754,0.0597796327815324,True,109.786274465686,106.578740698586,121.107622696046,102.250559106437,116.936865543475,108.665571527008,103.016364698364,2.6365380006404537,6.733835209240846,4.932604701063803,1.6190620867762684,-0.009692273723000577,0.4559822207075085,4.4384085379818305,4.865540529164569,12,0.0068703205324709415
DNK,Denmark,2018,V,Current prices,1945814960000.0,212902220000.0,94558330000.0,118343890000.0,212902220000.0,0.4441397088297154,0.1094154502748812,0.0485957462265579,0.0608197040483232,True,114.641036602591,110.0128262502,125.0098449832,103.282490499145,118.117013833848,112.928079538753,104.218214578179,3.0828711092505845,3.984174610348945,4.422011914087087,1.1666591840374665,-0.0021502381547925387,0.4462899469845079,2.205952340025852,3.581931918626813,13,0.009550325572490692
DNK,Denmark,2019,V,Current prices,2005034630000.0,222697770000.0,98709790000.0,123987980000.0,222697770000.0,0.443245525089901,0.1110692886137333,0.0492309651529559,0.0618383234607773,True,117.202043005107,111.491428544772,126.690011286862,103.179887378734,117.999673768417,114.501436826304,105.133314486669,4.390369415365103,4.76922805224671,2.233935140863963,0.8780613947320326,-0.0008941837398143693,0.4441397088297154,3.043437902235069,4.600961887574484,14,0.007218495011329651
DNK,Denmark,2020,V,Current prices,2021320410000.0,231155550000.0,103196950000.0,127958600000.0,231155550000.0,0.4464394214199053,0.1143586879429966,0.0510542264796109,0.0633044614633857,True,122.209805524514,115.142355628901,130.838635082727,107.478988762017,122.916257548575,119.187158010082,106.144339385566,4.545810501673642,3.2024233316810147,4.272760432332046,0.9616598733080072,0.0031938963300042755,0.443245525089901,0.8122443251765699,3.7978736832434468,15,0.010425771586596966
DNK,Denmark,2021,V,Current prices,2224247520000.0,236941040000.0,104664460000.0,132276579999.99998,236941040000.0,0.4417320865984213,0.106526381560268,0.0470561208043968,0.0594702607558712,True,136.315340788352,126.821996882255,144.110452490822,117.037181351812,133.847298820908,130.518171211964,107.489089251091,1.422047841530194,3.374513319151662,11.5420650604084,1.2669068113375648,-0.004707334821483999,0.4464394214199053,10.039334140004064,2.502855760979994,16,-0.002153250854462385
DNK,Denmark,2022,V,Current prices,2494375380000.0,248358890000.0,110009300000.0,138349590000.0,248358890000.0,0.4429448851216882,0.09956756789349,0.0441029449224278,0.0554646229710622,True,142.813607034018,130.177891238309,147.923824508701,111.910825886895,127.984641981006,126.898773826179,109.729364027064,5.106642694186747,4.591145310832823,4.767083593148502,2.084188071162996,0.0012127985232669447,0.4417320865984213,12.144685228197982,4.818857045617753,17,-0.0017743146745488048
ESP,Spain,2011,V,Current prices,983721000000.0,106819000000.0,77508000000.0,29311000000.0,106819000000.0,0.7256012507138243,0.1085866826061454,0.0787906327098842,0.0297960498962612,True,124.270189324527,123.276350331578,121.592927292513,123.83092056656,118.743092674186,128.082757290583,100.814094959295,7.34288009306705,3.634692217940105,-7.64368606262823,1.0375521243391583,0.007054942162639577,0.7185463085511847,-0.6255095144724887,6.299196927026829,1,0.006395566742867231
ESP,Spain,2012,V,Current prices,954026000000.0,110666000000.0,79930000000.0,30736000000.0,110666000000.0,0.7222633871288381,0.1159989350395062,0.0837817837249718,0.0322171513145344,True,105.905235236912,104.476279507469,103.049584318282,111.267206158159,106.695582266421,106.990967663498,101.368494931575,3.12483872632503,4.861656033571005,-14.778245842738349,0.5499230762363583,-0.0033378635849862226,0.7256012507138243,-3.0186404478505624,3.6014192231718978,2,0.004405875224620104
ESP,Spain,2013,V,Current prices,935655000000.0,113229000000.0,82364000000.0,30865000000.0,113229000000.0,0.7274108223158379,0.121015759013739,0.0880281727773591,0.0329875862363798,True,96.2392594018516,95.1145968460106,93.8157418486709,100.766365408452,96.6261884462477,96.2901262203694,101.17979494101,3.045164518954091,0.4197032795419053,-9.127004735353673,-0.186152502996495,0.0051474351869997825,0.7222633871288381,-1.9256288612679362,2.3159778070952264,3,0.0019578670617192984
ESP,Spain,2014,V,Current prices,944470000000.0,112629000000.0,81497000000.0,31132000000.0,112629000000.0,0.7235880634650046,0.1192510085021228,0.0862886063082998,0.0329624021938229,True,96.5392586518535,96.0733927676822,94.7614447550159,100.644131068691,96.5089763358323,96.4673296322098,100.484269975786,-1.05264435918605,0.8650575085047851,0.3117223177593775,-0.6874148792547996,-0.0038227588508332744,0.7274108223158379,0.9421207603229842,-0.5298995840288256,4,0.0024134896229952574
ESP,Spain,2015,V,Current prices,980992000000.0,110752000000.0,79418000000.0,31334000000.0,110752000000.0,0.7170796012713089,0.1128979645093945,0.080956827374739,0.0319411371346555,True,100.0,100.0,98.6344314748633,100.0,95.8913106120056,100.0,100.0,-2.5510141477600445,0.6488500578183176,3.5848020758340926,-0.4819361039321901,-0.006508462193695719,0.7235880634650046,3.8669306595233266,-1.666533486047106,5,-0.0004537976928986609
ESP,Spain,2016,V,Current prices,1019400000000.0,121874000000.0,84790000000.0,37084000000.0,121874000000.0,0.6957185289725454,0.1195546399843044,0.0831763782617225,0.0363782617225819,True,104.622738443154,104.712373139631,103.282453930113,102.072061000923,97.8782370624713,104.419644971521,99.9122350043882,6.764209625022044,18.350673389927863,4.622738443153995,-0.0877649956118054,-0.021361072298763495,0.7170796012713089,3.9152205114822536,10.042256573244735,6,-0.013762452639639378
ESP,Spain,2017,V,Current prices,1061122000000.0,124735000000.0,85226000000.0,39509000000.0,124735000000.0,0.6832565037880306,0.1175501026272191,0.0803168721409979,0.0372332304862211,True,111.105222236945,110.741534453451,109.229282914701,105.329912822447,101.002233871927,109.233938636506,100.322344983883,0.5142115815544246,6.539208283896025,6.196056316489162,0.4104702286729988,-0.01246202518451478,0.6957185289725454,4.092799686089865,2.347506441078484,7,0.0033266134560108185
ESP,Spain,2018,V,Current prices,1097845000000.0,129739000000.0,87039000000.0,42700000000.0,129739000000.0,0.6708776851987451,0.1181760631054475,0.0792816836620834,0.038894379443364,True,118.580203549491,116.71413868094,115.120327138728,109.714159844044,105.206345801404,114.966250754378,101.590219920489,2.127285100790832,8.076640765395226,6.727839755907006,1.263801137034526,-0.012378818589285467,0.6832565037880306,3.460770769053889,4.0117048142061185,8,0.0018298861104995012
ESP,Spain,2019,V,Current prices,1137968000000.0,133936000000.0,88321000000.0,45615000000.0,133936000000.0,0.6594268904551428,0.1176975099475556,0.0776129029990298,0.0400846069485257,True,124.715188212029,120.895545681258,119.244634161143,110.76782228472,106.216716525195,119.64324204872,103.155569842221,1.4729029515504477,6.82669789227166,5.173700566281703,1.5408470647638506,-0.011450794743602333,0.6708776851987451,3.6547053545810115,3.234956335411865,9,-0.002972161630168557
ESP,Spain,2020,V,Current prices,1030964000000.0,134806000000.0,89817000000.0,44989000000.0,134806000000.0,0.6662685637137813,0.130757233036265,0.0871194338502605,0.0436377991860045,True,127.505181237047,122.207919226238,120.53908634606,116.652608853132,111.859715492365,122.256532814182,104.332444783377,1.69382140147869,-1.3723555847857116,2.237091620528786,1.1408738693955645,0.006841673258638492,0.6594268904551428,-9.403076360670948,0.6495639708517409,10,0.0283341221511364
ESP,Spain,2021,V,Current prices,1118595000000.0,138045000000.0,91871000000.0,46174000000.0,138045000000.0,0.665514868340034,0.1234092768160057,0.0821307086121429,0.0412785682038628,True,132.195169512076,125.94769168565,124.227789649855,115.267196596912,110.531225522496,124.012114046655,104.95499475225,2.2868721956867955,2.633977194425308,3.678272701961638,0.5966983426541894,-0.000753695373747254,0.6662685637137813,8.499908823198489,2.402712045457922,11,-0.00020032715110573918
ESP,Spain,2022,V,Current prices,1254715000000.0,146180000000.0,94250000000.0,51930000000.0,146180000000.0,0.6447530441920919,0.1165045448568001,0.075116659958636,0.0413878848981641,True,141.978395054013,133.475986624693,131.653280562731,119.056380222158,114.16472336224,124.928815733094,106.36459468177,2.589500495259656,12.465889894745953,7.400592304579856,1.3430517840979483,-0.020761824147942143,0.665514868340034,12.168836799735372,5.893005903871917,12,-0.009324697777628899
ESP,Spain,2023,V,Current prices,1366751000000.0,159783000000.0,102927000000.0,56856000000.0,159783000000.0,0.6441674020390155,0.1169071762157115,0.0753077919825923,0.0415993842331192,True,147.693630765923,136.05060381461,134.19273959066,113.60931472006,108.941460862384,123.597577879926,108.550244572488,9.206366047745362,9.485846331600234,4.0254263402088375,2.0548659986503903,-0.0005856421530764377,0.6447530441920919,8.929199061141379,9.305650567793133,13,-0.0040122950449585915
EST,Estonia,2011,V,Current prices,14631077000.0,1415692000.0,813103000.0,602589000.0,1415692000.0,0.5743502117692266,0.0967592474566294,0.0555736942673461,0.0411855531892833,True,69.3230766923082,115.049345815859,,88.4735915385303,,75.0823565355891,60.51079651277,4.78347491700859,23.93391441698991,8.48496703898598,24.69454899201653,-0.04043569413173054,0.6147859059009572,13.668046457364525,12.160494120592436,1,-0.01727486401796341
EST,Estonia,2012,V,Current prices,15676006000.0,1541380000.0,833746000.0,707634000.0,1541380000.0,0.5409087960139615,0.0983273417986698,0.0531861240675718,0.045141217731098,True,74.3710640723397,102.620939823264,,91.2808704587886,,77.2776720818257,72.4778243119457,2.538792748274199,17.432279713038245,7.281828246655997,19.77668199533651,-0.03344141575526516,0.5743502117692266,7.141846085561565,8.878202320843798,2,-0.022099018096923828
EST,Estonia,2013,V,Current prices,16590885999.999998,1654113000.0,873816000.0,780297000.0,1654113000.0,0.5282686249367485,0.0997001004045233,0.0526684349467533,0.04703166545777,True,82.2932942667642,98.5051201488221,,91.7581139571502,,82.9710841015754,83.5217845880447,4.806020058866856,10.268443856569933,10.652301796729247,15.237709438635497,-0.012640171077212936,0.5409087960139615,5.836180465866092,7.313770776836348,3,-0.018367482349276543
EST,Estonia,2014,V,Current prices,17496711000.0,1723433000.0,893369000.0,830064000.0,1723433000.0,0.5183659591060401,0.0985003981605457,0.0510592533648181,0.0474411447957276,True,93.5795160512097,100.232228523677,,100.32260866287,,93.7356972535359,93.3419223335482,2.2376564402574406,6.377956085951886,13.714631167710657,11.757576534001824,-0.009902665830708424,0.5282686249367485,5.4597747220974435,4.190765685294773,4,0.00958338100463152
EST,Estonia,2015,V,Current prices,18063439000.0,1862528000.0,911283000.0,951244000.0,1862527000.0,0.4892721075871074,0.1031103767117656,0.0504490313278661,0.0526612900234556,True,100.0,100.0,,100.0,,100.0,100.0,2.005218448367918,14.598874303668152,6.860992896433449,7.132998228448528,-0.029093851518932734,0.5183659591060401,3.239054471437508,8.070809831307635,5,-0.007664843462407589
EST,Estonia,2016,V,Current prices,18929303000.0,1986321000.0,945504000.0,1040817000.0,1986321000.0,0.4760076543519401,0.1049336576206741,0.0499492242265866,0.0549844333940874,True,104.744488138779,98.3294950997133,,99.8894064675139,,102.916007991161,106.47720266193,3.755254953730081,9.416406305847923,4.744488138779013,6.477202661929993,-0.013264453235167284,0.4892721075871074,4.793461532989363,6.6465041062469865,6,-0.00532746035605669
EST,Estonia,2017,V,Current prices,20873029000.0,2205974000.0,1007837000.0,1198137000.0,2205974000.0,0.4568671253604983,0.1056853799225785,0.0482841757178605,0.0574012042047179,True,110.511223721941,96.6938081639196,,97.951371361764,,103.917016635619,114.281427857036,6.592568619487604,15.115049043203555,5.505526529970228,7.329479926219307,-0.019140528991441808,0.4760076543519401,10.268344270256534,11.058283127450185,7,-0.01915895752608776
EST,Estonia,2018,V,Current prices,22558337000.0,2254383000.0,1061936000.0,1192447000.0,2254383000.0,0.471053942475613,0.0999356911814909,0.0470751013250666,0.0528605898564242,True,117.065957335106,95.6807308717655,,92.1078153926474,,106.294690886826,122.326778058169,5.367832298278374,-0.4749039550568934,5.931283169623991,7.03994546795268,0.014186817115114714,0.4568671253604983,8.074094085721818,2.194450161243977,8,-0.01185925304889679
EST,Estonia,2019,V,Current prices,24306423000.0,2461457000.0,1163246000.0,1298211000.0,2461457000.0,0.4725843270875745,0.1012677595547481,0.0478575560048469,0.0534102035499011,True,125.267186832033,95.8277575824038,,92.9603600962015,,110.385803447856,130.680653267017,9.540122945262253,8.869492732171746,7.00564851099339,6.829146766929117,0.0015303846119614772,0.471053942475613,7.749179383214289,9.185395737991286,9,-0.0261338260024786
EST,Estonia,2020,V,Current prices,24420493000.0,2892169000.0,1625540000.0,1266629000.0,2892169000.0,0.5620487599445261,0.1184320480344111,0.0665645857354313,0.0518674622989797,True,132.79166802083,106.198720482153,,97.3881070859283,,118.53863608954,125.220453130511,39.74172273104743,-2.432732429474105,6.006745564491967,-4.178277350166959,0.0894644328569516,0.4725843270875745,0.4692998225201528,17.498254082846042,10,-0.03425831347703934
EST,Estonia,2021,V,Current prices,27518856000.0,3178276000.0,1730817000.0,1447460000.0,3178277000.0,0.5445773117249729,0.115494481311287,0.0628956741515708,0.0525988434984361,True,152.777618055954,117.564068714724,,103.231642784395,,131.1987279082,129.881278247032,6.476432447063751,14.27655611864247,15.050605458159438,3.722095712002616,-0.017471448219553154,0.5620487599445261,12.687553031791786,9.892471705491612,11,0.0013866269728168845
EST,Estonia,2022,V,Current prices,32173510000.0,3740299000.0,2063286000.0,1677013000.0,3740299000.0,0.5516366472306091,0.1162539928033963,0.0641299628172369,0.0521240299861594,True,186.759533101167,117.880181598732,,111.888627711719,,137.912927738051,158.562703964068,19.208789837400488,15.859022010970936,22.24273128330048,22.08280215912599,0.0070593355056361995,0.5445773117249729,16.914416791163124,17.683266022208265,12,-0.0043394542299211025
FIN,Finland,2011,V,Current prices,170454000000.0,19414000000.0,12269000000.0,7145000000.0,19414000000.0,0.6319666220253425,0.1138958311333263,0.071978363664097,0.0419174674692292,True,96.8649999999999,109.758362592235,121.113743131948,102.238982241633,103.134410953499,103.79610380437,88.2528888252887,7.992254202975091,2.599080987937974,3.1768433946688823,3.3349914204020337,0.011993907154946859,0.6199727148703956,4.176751008434176,5.942701227830827,1,0.0006948814261704683
FIN,Finland,2012,V,Current prices,172417000000.0,20079000000.0,12800000000.0,7279000000.0,20079000000.0,0.6374819463120673,0.1164560339177691,0.0742386191616835,0.0422174147560855,True,99.205,108.42338561936,119.640652113084,102.770082095662,103.670162282413,103.383107355124,91.4987141498712,4.327981090553434,1.875437368789368,2.415733236979412,3.6778686429269847,0.005515324286724854,0.6319666220253425,1.1516303518837923,3.425363140002058,2,0.007734501734375954
FIN,Finland,2013,V,Current prices,175002000000.0,20967000000.0,13665000000.0,7302000000.0,20967000000.0,0.6517384461296323,0.1198100593136078,0.0780848218877498,0.0417252374258579,True,100.3525,106.576911780481,117.603145786092,102.359551187219,103.256035865149,102.119588794076,94.161471916147,6.757812500000004,0.3159774694326156,1.1566957310619408,2.910158673830421,0.014256499817564938,0.6374819463120673,1.4992721135386855,4.4225310025399756,3,0.0061290934681892395
FIN,Finland,2014,V,Current prices,176987000000.0,21663000000.0,14160000000.0,7503000000.0,21663000000.0,0.6536490790749204,0.1223988202523349,0.0800058761377954,0.0423929441145394,True,99.9949999999999,103.002900778742,113.659374758608,101.295679338441,102.18284642167,100.462253244704,97.085672208567,3.6223929747530192,2.7526705012325348,-0.3562442390574238,3.10551676063866,0.0019106329452881488,0.6517384461296323,1.1342727511685524,3.319502074688807,4,0.0036352351307868958
FIN,Finland,2015,V,Current prices,182599000000.0,23174000000.0,15066000000.0,8108000000.0,23174000000.0,0.6501251402433762,0.1269119765168484,0.0825086665315801,0.0444033099852682,True,100.0,100.0,110.345799874857,100.0,100.875819273856,100.0,100.0,6.39830508474577,8.063441290150596,0.0050002500125989,3.001810385751069,-0.0035239388315442266,0.6536490790749204,3.170854356534658,6.975026542953433,5,-0.005040727090090513
FIN,Finland,2016,V,Current prices,187398000000.0,24027000000.0,15656000000.0,8371000000.0,24027000000.0,0.6516002830149416,0.1282137482790638,0.0835441146650444,0.0446696336140193,True,101.285,99.003096095347,109.245758287284,100.198659940665,101.076219116571,101.130678343654,102.302660230266,3.9161024824107216,3.243709916132209,1.2850000000000028,2.302660230265996,0.001475142771565352,0.6501251402433762,2.6281633524827708,3.6808492275826277,6,0.0008588526397943497
FIN,Finland,2017,V,Current prices,195707000000.0,24748000000.0,16052000000.0,8696000000.0,24748000000.0,0.6486180701470826,0.1264543424609237,0.0820205715687226,0.044433770892201,True,102.3875,98.0945031553997,108.243164140093,99.4043920752803,100.274994900134,101.189649062555,104.374460437446,2.529381706693923,3.882451320033442,1.0885126129239309,2.0251674809987685,-0.0029822128678589355,0.6516002830149416,4.433878696677662,3.0007907770424946,7,-0.002700244775041938
FIN,Finland,2018,V,Current prices,201314000000.0,25815000000.0,16700000000.0,9115000000.0,25815000000.0,0.6469107108270385,0.1282325123935742,0.0829549857436641,0.04527752664991,True,103.335,97.1526119059038,107.203826706885,97.4960733052026,98.3499627064618,100.823605384941,106.361410636141,4.036880139546484,4.818307267709288,0.925405933341472,1.9036747019984144,-0.0017073593200440662,0.6486180701470826,2.8649971641280025,4.311459511879745,8,-0.004091018345206976
FIN,Finland,2019,V,Current prices,207285000000.0,26676000000.0,17171000000.0,9505000000.0,26676000000.0,0.6436872094766831,0.128692380056444,0.0828376389994452,0.0458547410569988,True,103.77,95.6390949684694,105.533724336032,94.9912160595307,95.8231674382498,100.263611116752,108.500335850033,2.8203592814371348,4.278661546900708,0.4209609522427104,2.010997410714288,-0.003223501350355429,0.6469107108270385,2.966013292667169,3.3352701917489735,9,-0.004553827922791243
FIN,Finland,2020,V,Current prices,206158000000.0,27499000000.0,17873000000.0,9626000000.0,27499000000.0,0.6499509073057202,0.1333879839734572,0.0866956412072294,0.0466923427662278,True,105.595,95.9815656673162,105.911626368011,96.2126665150192,97.0553155922481,101.641359813525,110.009761000976,4.088288393221129,1.273014203051015,1.7586971186277278,1.391170948105902,0.006263697829037129,0.6436872094766831,-0.5436958776563694,3.0851701904333506,10,-0.0034925704821944237
FIN,Finland,2021,V,Current prices,215307000000.0,28221000000.0,18408000000.0,9813000000.0,28221000000.0,0.6522802168597852,0.1310733046301327,0.0854965235686717,0.045576781061461,True,110.455,99.5674507605334,109.868499956715,97.836423592392,98.6932938470651,104.019210706003,110.929261092926,2.9933419123818084,1.942655308539365,4.602490648231461,0.8358350055335917,0.002329309554064962,0.6499509073057202,4.4378583416602835,2.625550020000733,11,-0.005049505736678839
FIN,Finland,2022,V,Current prices,231139000000.0,28892000000.0,18798000000.0,10094000000.0,28892000000.0,0.6506299321611518,0.1249983775996262,0.0813276859378988,0.0436706916617273,True,111.515,99.5462856246331,109.845145118211,95.3086317175539,96.1433630837843,98.6944959165619,112.026336202633,2.1186440677966045,2.8635483542239992,0.9596668326467884,0.988986223200361,-0.0016502846986333752,0.6522802168597852,7.35322121435904,2.3776620247333513,12,-0.005872094538062811
FIN,Finland,2023,V,Current prices,239121000000.0,29943000000.0,19392000000.0,10551000000.0,29943000000.0,0.6476304979460976,0.1252211223606458,0.0810970178277943,0.0441241045328515,True,104.58,91.4766361206805,100.940625825977,85.4761253264529,86.2247417066069,88.6663775629068,114.334911433491,3.159910628790308,4.527442044779084,-6.218894319149893,2.060743311896096,-0.0029994342150542197,0.6506299321611518,3.453333275647985,3.6376851723660453,13,-0.005242460407316685
FRA,France,2011,V,Current prices,1849498002000.0,235771429000.0,145575000000.0,90196429000.0,235771429000.0,0.6174412252470167,0.127478607030147,0.0787105473174769,0.04876805971267,True,106.55,111.825371886584,125.312139885805,108.144656560309,123.224763401054,109.076707738403,95.2808478539365,3.0281026268185185,1.132390118727633,5.940840169028072,1.1846746841810862,0.004396152790662189,0.6130450724563545,2.6938632218763914,2.2945473306066333,1,0.0009564346401020885
FRA,France,2012,V,Current prices,1873450000000.0,240715760000.0,148360000000.0,92355760000.0,240715760000.0,0.6163285694297707,0.1284879553764445,0.0791907977261202,0.0492971576503242,True,105.975,109.499620235248,122.705889521018,106.891197157684,121.796516798457,107.065915596103,96.7859277410555,1.9131032114030555,2.3940315863280937,-0.5396527451900557,1.5796247840135225,-0.0011126558172460665,0.6174412252470167,1.2950540078496386,2.097086581258334,2,0.001761750434525311
FRA,France,2013,V,Current prices,1897907941000.0,243083727000.0,150364000000.0,92719727000.0,243083727000.0,0.6185687617007781,0.1280798302956255,0.0792261820248108,0.0488536482708146,True,103.8,105.556579011026,118.287295376156,105.526145003281,120.241116521583,104.198700219068,98.3385526246086,1.3507684011863086,0.3940923663017903,-2.0523708421797515,1.6041845336308036,0.0022401922710074684,0.6163285694297707,1.3055027355947546,0.9837191382898958,3,0.0010775926057249308
FRA,France,2014,V,Current prices,1925073524000.0,246855632000.0,152994000000.0,93861632000.0,246855632000.0,0.6197711543401205,0.1282317942262656,0.0794743671307174,0.0487574270955481,True,101.925,102.58653770879,114.959050409442,102.7036169897,117.025004346199,102.17988476941,99.3571800482115,1.7490888776568791,1.231566395789763,-1.8063583815028927,1.0358373154945255,0.001202392639342409,0.6185687617007781,1.4313435553510834,1.5516896365506128,4,0.002847465453669429
FRA,France,2015,V,Current prices,1967466006000.0,250513364000.0,156209000000.0,94304364000.0,250513364000.0,0.623555556101989,0.1273279249735611,0.0793960350642012,0.0479318899093598,True,100.0,100.0,112.060561723775,100.0,113.944384605203,100.0,100.0,2.101389596977654,0.4716858108753108,-1.8886436104979087,0.64697886099081,0.00378440176186845,0.6197711543401205,2.202122748637425,1.4817292076204192,5,0.0007898723124526441
FRA,France,2016,V,Current prices,1996790000000.0,257241831000.0,159706000000.0,97535831000.0,257241831000.0,0.6208399286350904,0.128827683932712,0.0799813700990089,0.048846313833703,True,100.925,100.595957396174,112.728394929561,99.6031011576475,113.49214066178,100.706535210615,100.326417475518,2.2386674263326745,3.426635696307745,0.924999999999998,0.3264174755180038,-0.0027156274668985736,0.623555556101989,1.490444760446863,2.685871481091917,6,0.0013065770035609603
FRA,France,2017,V,Current prices,2046129034000.0,264348983000.0,163477000000.0,100871983000.0,264348983000.0,0.6184135764199252,0.1291946786382388,0.0798957432710961,0.0492989353671426,True,103.975,103.440430806959,115.91592781177,100.553146040868,114.574663457439,102.953767461238,100.515717461321,2.3612137302293057,3.420437357016004,3.0220460738171973,0.1886840879663509,-0.002426352215165184,0.6208399286350904,2.4709175226238056,2.762829036153147,7,0.0014812819426879287
FRA,France,2018,V,Current prices,2101769957000.0,270072137000.0,167223000000.0,102849137000.0,270072137000.0,0.6191790158641949,0.128497477138503,0.0795629414356501,0.0489345357028528,True,107.125,106.861083774374,119.749130741677,101.338223152342,115.469214740783,104.084749600301,100.25146498114,2.291453843659963,1.960062587448097,3.02957441692715,-0.2628966761170304,0.0007654394442696555,0.6184135764199252,2.7193262045271283,2.1649994393963645,8,0.0018988186493515968
FRA,France,2019,V,Current prices,2169269004000.0,277995245000.0,171369000000.0,106626245000.0,277995245000.0,0.6164457956825844,0.128151577553265,0.0789985011928008,0.0491530763604641,True,110.675,109.93502095221,123.193802010195,101.819856052158,116.018008384535,106.66963460469,100.670217449734,2.4793240164331376,3.672474179340957,3.313885647607928,0.417702094101835,-0.002733220181610485,0.6191790158641949,3.2115335351137198,2.9337006356934925,9,0.0008021926623769104
FRA,France,2020,V,Current prices,2056545200000.0,303856600000.0,188280900000.0,115575700000.0,303856600000.0,0.6196373552524448,0.147750995212748,0.0915520359095438,0.0561989593032042,True,116.8,115.5747732002,129.513740059122,107.109934106277,122.045755268435,111.572882716918,101.057942420654,9.868704374770232,8.393294727766133,5.534221820646046,0.3851436708315559,0.0031915595698603916,0.6164457956825844,-5.196395826987999,9.30280480157133,10,0.017181679606437683
FRA,France,2021,V,Current prices,2212764400000.0,310139400000.0,191251500000.0,118887900000.0,310139400000.0,0.6166630231437863,0.1401592505736263,0.0864310271802999,0.0537282233933264,True,124.575,122.226433751226,136.967628236561,109.481977485854,124.748565499864,117.422274420491,101.917492356188,1.5777489910022702,2.865827332216031,6.656678082191792,0.8505515894595694,-0.002974332108658495,0.6196373552524448,7.596195794772709,2.067685875508385,11,-0.003948554862290621
FRA,France,2022,V,Current prices,2368609400000.0,325412400000.0,198737100000.0,126675300000.0,325412400000.0,0.6107238076975555,0.1373854211673735,0.0839045475374707,0.0534808736299028,True,132.425,129.059057890045,144.624305226996,111.207521255823,126.714725729648,119.075086174531,102.60506730462,3.9140085175802586,6.550204015715644,6.301424844471204,0.6746388009911009,-0.005939215446230772,0.6166630231437863,7.043000149496259,4.924559730237443,12,-0.0019832984544336796
GBR,United Kingdom,1998,V,Current prices,904094000000.0,130565000000.0,104114000000.0,26451000000.0,130565000000.0,0.7974112511009842,0.1444152931000537,0.1151583795490291,0.0292569135510245,True,35.6338809032728,55.972107870748,66.8081177502058,61.5952804623447,68.7280346983051,46.5495952358959,63.6590852286929,3.404644141191437,1.7894250750404073,11.457437654446778,2.9923170238576717,0.002555245038081577,0.7948560060629026,4.274943514000107,3.073291650877863,1,-0.010966261848807335
GBR,United Kingdom,1999,V,Current prices,939664000000.0,136880000000.0,110178000000.0,26702000000.0,136880000000.0,0.8049240210403273,0.1456690902279964,0.1172525498476051,0.0284165403803912,True,39.5099674669412,60.2330644942449,71.8939810964363,65.2718520340933,72.8303544971152,51.2377181412135,65.5836040989754,5.824384808959415,0.9489244262976816,10.877531342123348,3.0231645072635427,0.0075127699393431335,0.7974112511009842,3.934325413065465,4.836671389729252,2,-0.011212239041924477
GBR,United Kingdom,2000,V,Current prices,991522000000.0,141846000000.0,114416000000.0,27430000000.0,141846000000.0,0.8066212653159059,0.1430588529553555,0.115394312985491,0.0276645399698645,True,45.4065672395455,67.0817070839796,80.0684976184983,71.1377681411187,79.3755456662252,58.7407284373284,67.6830792301926,3.846502931619744,2.726387536514108,14.924334669569417,3.2012195121951192,0.0016972442755786021,0.8049240210403273,5.518781181358445,3.6279953243717022,3,-0.021308911964297295
GBR,United Kingdom,2001,V,Current prices,1035524000000.0,145264000000.0,117091000000.0,28173000000.0,145264000000.0,0.806056559092411,0.1402806694967958,0.113074153761767,0.0272065157350288,True,49.1039689605986,70.1947598390471,83.7842268081765,74.0221125919033,82.5938981764727,62.9957993468188,69.9575106223445,2.337959725912464,2.708713087860004,8.142878763653716,3.3604135893647413,-0.0005647062234949152,0.8066212653159059,4.437823870776447,2.4096555419257593,4,-0.011627680622041225
GBR,United Kingdom,2002,V,Current prices,1075364000000.0,147784000000.0,117235000000.0,30549000000.0,147784000000.0,0.7932861473501868,0.1374269549659464,0.1090188996470032,0.0284080553189431,True,57.0365450501701,79.4113018926773,94.7850600837525,83.8016680125486,93.5059294106678,72.5389687676499,71.8070482379406,0.1229812709772737,8.433606644659775,16.15465360027548,2.643801357627717,-0.012770411742224264,0.806056559092411,3.8473275365901616,1.7347725520431734,5,-0.019949808716773987
GBR,United Kingdom,2003,V,Current prices,1137060000000.0,152840000000.0,120533000000.0,32307000000.0,152840000000.0,0.7886220884585187,0.1344168293669639,0.1060040806993474,0.0284127486676164,True,65.9701342419181,90.5504117253811,108.080663727164,94.1891522472249,105.096287820439,82.7773890903771,72.8567858035492,2.8131530686228423,5.754689187862128,15.662921349618752,1.461886529759826,-0.004664058891668099,0.7932861473501868,5.737220141273092,3.4212093325393766,6,-0.0328083336353302
GBR,United Kingdom,2004,V,Current prices,1193919000000.0,156177000000.0,124251000000.0,31926000000.0,156177000000.0,0.7955780940855568,0.1308103816088026,0.1040698740869355,0.026740507521867,True,73.8014441343635,99.0762392321887,118.257062466838,101.208159065424,112.928097993682,90.8042413153753,74.4813796550863,3.0846324243153367,-1.1793109852353931,11.870992809757407,2.2298456260720245,0.006956005627038131,0.7886220884585187,5.0005276766397655,2.1833289714734416,7,-0.0052077388390898705
GBR,United Kingdom,2005,V,Current prices,1264406000000.0,162758000000.0,127346000000.0,35412000000.0,162758000000.0,0.7824254414529547,0.1287228943867713,0.1007160674656716,0.0280068269210997,True,78.9300526748683,102.404632548849,122.229821419063,104.668341063216,116.788970232946,95.2678897169912,77.0807298175457,2.490925626353113,10.919000187934593,6.949198082313424,3.4899328859060663,-0.013152652632602124,0.7955780940855568,5.903834347221215,4.2138086914206285,8,-0.004471374209970236
GBR,United Kingdom,2006,V,Current prices,1331969000000.0,170567000000.0,134029000000.0,36538000000.0,170567000000.0,0.785785058071022,0.1280562835921857,0.1006247142388448,0.0274315693533408,True,85.1300371749071,107.103675058634,127.838582590464,108.487289936262,121.050154672528,99.6471821203838,79.4801299675082,5.2479072762395385,3.1797130916073613,7.855036567095697,3.112840466926059,0.0033596166180672737,0.7824254414529547,5.343457718485989,4.7979208395286355,9,-0.00617936672642827
GBR,United Kingdom,2007,V,Current prices,1397250000000.0,176727000000.0,137301000000.0,39426000000.0,176727000000.0,0.7769101495526999,0.1264820182501342,0.098265163714439,0.0282168545356951,True,93.5602660993348,114.128881739138,136.223845411268,113.996433637537,127.197259071064,107.937080502226,81.9795051237192,2.4412627118011843,7.904099841261147,9.902766642879593,3.1446540880503804,-0.008874908518322067,0.785785058071022,4.901090040383815,3.6114840502559087,10,-0.0052956948056817055
GBR,United Kingdom,2008,V,Current prices,1450640000000.0,190097000000.0,146069000000.0,44028000000.0,190097000000.0,0.7683919262271367,0.1310435394032978,0.1006927976617217,0.0303507417415761,True,89.3870265324337,105.567060372995,126.004484523406,106.42197375648,118.745674183087,99.1363814727095,84.7288177955512,6.385969512239531,11.672500380459594,-4.460482789211273,3.353658536585291,-0.008518223325563179,0.7769101495526999,3.8210771157631163,7.565340893015771,11,-0.0051866937428712845
GBR,United Kingdom,2009,V,Current prices,1420781000000.0,172523000000.0,127334000000.0,45189000000.0,172523000000.0,0.7380697066478092,0.1214282848658589,0.0896225385896911,0.0318057462761678,True,81.4005464986338,94.294272256177,112.549322934342,95.2612430572597,106.292527107584,89.4275361145332,86.3284178955263,-12.82613011658874,2.636958299264114,-8.934719437056149,1.887905604719875,-0.03032221957932746,0.7683919262271367,-2.0583328737660667,-9.244753994013577,12,-0.05762844905257225
GBR,United Kingdom,2010,V,Current prices,1456269000000.0,169144000000.0,122178000000.0,46966000000.0,169144000000.0,0.7223312680319728,0.1161488708473503,0.0838979611596483,0.0322509096877019,True,86.0892847767881,98.3970616153111,117.446398371313,99.6862315399478,111.229930747847,93.7411371641265,87.5031242189454,-4.049193459720102,3.932372922613903,5.760082063125949,1.3607411696583194,-0.01573843861583646,0.7380697066478092,2.4977811499449887,-1.958579435785368,13,0.002583190565928817
GBR,United Kingdom,2011,V,Current prices,1491648000000.0,178136000000.0,125031000000.0,53105000000.0,178136000000.0,0.70188507657071,0.119422276569271,0.0838207137340713,0.0356015628351997,True,84.8177879555301,94.5987537809784,112.912751047656,97.8301845576654,109.158952899504,88.8868169942307,89.677580604849,2.3351176152826225,13.071157858876624,-1.476951312297159,2.485004284490233,-0.020446191461262808,0.7223312680319728,2.4294275302159107,5.316180296079076,14,0.0028094437438994646
GBR,United Kingdom,2012,V,Current prices,1539594000000.0,195009000000.0,133969000000.0,61040000000.0,195009000000.0,0.6869888056448676,0.1266626136500921,0.0870157976713341,0.039646815978758,True,85.1777870555324,91.9258497673814,109.722381900084,95.0023495267994,106.003653619046,87.8043166394557,92.6768307923021,7.148627140469155,14.942095847848602,0.4244382088708365,3.344481605351124,-0.014896270925842336,0.70188507657071,3.2142972068477382,9.471976467418152,15,-0.0009918553987517953
GBR,United Kingdom,2013,V,Current prices,1597544000000.0,200366000000.0,136094000000.0,64272000000.0,200366000000.0,0.6792270145633491,0.1254212716519858,0.0851895159069171,0.0402317557450686,True,87.3482816292959,91.9739390535468,109.779781108635,94.270315265913,105.186849544044,88.0941099778396,94.9762559360162,1.5861878494278558,5.29488859764089,2.548193195425963,2.48112189859766,-0.007761791081518532,0.6869888056448676,3.7639793348116513,2.74705270013178,16,-0.0032417727634310722
GBR,United Kingdom,2014,V,Current prices,1673299000000.0,215736000000.0,146844000000.0,68892000000.0,215736000000.0,0.6806652575369897,0.1289285417609166,0.0877571790815628,0.0411713626793537,True,94.3395141512146,97.0564244872486,115.846218451008,99.1058134314452,110.582300026771,94.0273014704597,97.2006998250439,7.898952194806541,7.188200149365187,8.003858108610928,2.3421052631578343,0.001438242973640591,0.6792270145633491,4.741966418452326,7.670962139285109,17,-0.00853098463267088
GBR,United Kingdom,2015,V,Current prices,1720591000000.0,229693000000.0,156363000000.0,73330000000.0,229693000000.0,0.6807477807334137,0.1334965718174743,0.0908774950002644,0.0426190768172099,True,100.0,100.0,119.359660180175,100.0,111.580033701317,100.0,100.0,6.4823894745444255,6.441967136968008,6.000121899835453,2.879917716636493,8.25231964239892e-05,0.6806652575369897,2.8262731287115983,6.4694812177847005,18,-0.0007287653279490769
GBR,United Kingdom,2016,V,Current prices,1787743000000.0,242050000000.0,166643000000.0,75407000000.0,242050000000.0,0.6884651931419128,0.1353941813784196,0.0932141812329848,0.0421800001454347,True,106.978982552544,105.174232706992,125.535606756172,105.816750766293,118.070366166669,105.662399968677,101.724568857786,6.574445361114845,2.832401472794221,6.978982552543989,1.724568857786002,0.0077174124084991025,0.6807477807334137,3.9028450108131496,5.379789545175506,19,-0.000542419555131346
GBR,United Kingdom,2017,V,Current prices,1871505000000.0,244756000000.0,168033000000.0,76723000000.0,244756000000.0,0.6865327101276373,0.1307803078271231,0.0897849591638814,0.0409953486632416,True,111.823470441324,108.895608518923,129.97742827932,108.433079833136,120.989667021189,108.534812960441,102.699325168708,0.8341184448191541,1.7451960693304347,4.528448273847241,0.958230958230688,-0.00193248301427551,0.6884651931419128,4.685349068630118,1.117950836603998,20,-0.00231585162691772
GBR,United Kingdom,2018,V,Current prices,1939546000000.0,258455000000.0,180346000000.0,78109000000.0,258455000000.0,0.6977849142016985,0.1332554113179063,0.0929836157533773,0.040271795564529,True,115.432961417596,111.89297690431,133.555076998466,108.192483417934,120.721209460023,109.817549359177,103.174206448388,7.3277272916629554,1.8064987031268356,3.227847393777661,0.4623996106107864,0.011252204074061245,0.6865327101276373,3.63563014792907,5.597002729248723,21,-0.0032254874240607023
GBR,United Kingdom,2019,V,Current prices,2014747000000.0,263546000000.0,183015000000.0,80531000000.0,263546000000.0,0.6944328504321826,0.1308084836458374,0.0908377081588904,0.039970775486947,True,116.596708508229,112.205949201117,133.928639668393,105.845632106517,118.102591975824,109.369164153467,103.924018995251,1.479933017643864,3.1007950428247666,1.0081583945706465,0.7267441860462354,-0.0033520637695159117,0.6977849142016985,3.877247562058339,1.969781973651119,22,-0.0027991316746920347
GBR,United Kingdom,2020,V,Current prices,1918391000000.0,260379000000.0,180670000000.0,79709000000.0,260379000000.0,0.6938731618141248,0.135727805228444,0.0941778813599521,0.0415499238684918,True,119.930450173875,113.793757013534,135.823841677609,109.422040488916,122.093149654202,112.040776356038,105.398650337416,-1.2813157391470598,-1.0207249382225505,2.8592073552494046,1.4189514189519414,-0.0005596886180577743,0.6944328504321826,-4.7825359710176985,-1.2016877509049673,23,-0.0017653993563726544
GBR,United Kingdom,2021,V,Current prices,2086257000000.0,274818000000.0,190535000000.0,84283000000.0,274818000000.0,0.6933133928636407,0.1317277785047575,0.0913286330495236,0.0403991454552339,True,129.679425801435,121.035104970792,144.467089991856,113.687826159835,126.852914743439,118.00962650289,107.148212946764,5.460231361045009,5.738373332998781,8.128857694960656,1.6599478302113724,-0.0005597689504841519,0.6938731618141248,8.750353812126942,5.545378083485986,24,-0.010599330998957157
GBR,United Kingdom,2022,V,Current prices,2322457000000.0,307321000000.0,216152000000.0,91169000000.0,307321000000.0,0.7033427588742716,0.1323258084003277,0.0930703991505547,0.0392554092497729,True,141.695145762136,127.776267629081,152.513318832981,118.491750186441,132.213134791312,118.837965380996,110.89727568108,13.444773926050324,8.170093613184148,9.265710336425649,3.4989503149051027,0.010029366010630869,0.6933133928636407,11.321711562861147,11.827100117168454,25,0.0017727530794218183
GBR,United Kingdom,2023,V,Current prices,2497390000000.0,346849000000.0,254256000000.0,92593000000.0,346849000000.0,0.7330452156413886,0.1388845955177205,0.1018086882705544,0.037075907247166,True,142.112894717763,121.251925258811,144.725885950836,111.569784366089,124.489602996169,111.430225502476,117.270682329418,17.628335615677848,1.5619344294661497,0.294822347921686,5.747126436781658,0.029702456767117025,0.7033427588742716,7.532238487085019,12.862121364957169,26,0.003805655287578702
GRC,Greece,2011,V,Current prices,178347308000.0,32326856000.0,18935657000.0,13391199000.0,32326856000.0,0.5857562207719798,0.1812578858773691,0.1061729342166465,0.0750849516607225,True,144.52275,116.403653680726,95.5565540705348,122.301744207396,112.807226920784,138.332216870006,124.163415687744,7.846683161767087,-13.367672201754644,-5.466542386185235,0.8351193120404998,0.05394637017748993,0.5318098505944898,-9.558179383285381,-2.085669045421734,1,0.01384418923407793
GRC,Greece,2012,V,Current prices,163766192000.0,29834081000.0,17489608000.0,12344473000.0,29834081000.0,0.5862291518213684,0.1821748471748064,0.1067962061424741,0.0753786410323322,True,127.67075,104.985813926476,86.1835714591965,123.660182721757,114.060207266571,120.989746219337,121.580840881437,-7.636645509580154,-7.816521881274408,-11.660447922558903,-2.0799804773427577,0.0004729310493886141,0.5857562207719798,-8.175686060817922,-7.711158177584609,2,0.013210217468440533
GRC,Greece,2013,V,Current prices,157795283000.0,28428386000.0,15775886000.0,12652500000.0,28428386000.0,0.5549342829381873,0.1801599227779197,0.0999769175609641,0.0801830052169556,True,113.81625,100.442820718344,82.4541973166487,117.045460682155,107.958998694484,109.666869018409,113.328566500358,-9.798515781485785,2.495262454703417,-10.851741687113137,-6.787479278191899,-0.031294868883181115,0.5862291518213684,-3.6459961162191523,-4.7117087333777725,3,0.013561524450778961
GRC,Greece,2014,V,Current prices,155355365000.0,27661950000.0,14741214000.0,12920736000.0,27661950000.0,0.5329058146659943,0.1780559686496826,0.0948870610294018,0.0831689076202807,True,105.32025,100.663125530707,82.6350470412831,107.679889438423,99.3204945800803,103.948945398169,104.638067152145,-6.558566663070464,2.120023710729102,-7.464663437777997,-7.668410195751962,-0.022028468272192958,0.5549342829381873,-1.5462553465555695,-2.696023615269616,4,0.012101957574486732
GRC,Greece,2015,V,Current prices,154780625000.0,28353144000.0,14839824000.0,13513320000.0,28353144000.0,0.5233925380550389,0.1831827723915703,0.0958764961699825,0.0873062762215878,True,100.0,100.0,82.0906827655331,100.0,92.2368095826073,100.0,100.0,0.6689408348593329,4.5863022044564605,-5.051497693938256,-4.43248549822809,-0.009513276610955357,0.5329058146659943,-0.36995181981646086,2.4987175524502137,5,0.006887364666908979
GRC,Greece,2016,V,Current prices,152015611000.0,27466267000.0,14807772000.0,12658495000.0,27466267000.0,0.5391257574245528,0.1806805683924133,0.0974095482864585,0.0832710201059547,True,97.6229999999998,100.246541977059,82.2930707578045,98.1335816114289,90.5152848075262,98.4571020978483,97.3881426958893,-0.2159863890569102,-6.325795585392779,-2.377000000000196,-2.6118573041106985,0.015733219369513884,0.5233925380550389,-1.7864083440676137,-3.1279670430905293,6,0.012516073882579803
GRC,Greece,2017,V,Current prices,154782296000.0,27439449000.0,15147330000.0,12292119000.0,27439449000.0,0.5520274842253574,0.1772776971857298,0.0978621611867031,0.0794155359990266,True,96.6342499999998,101.515627654749,83.3348718554999,95.688825009796,88.2603193161199,97.1734141060771,95.2241753581869,2.293106619956053,-2.894309315601895,-1.012824846603788,-2.2220028822808047,0.012901726800804592,0.5391257574245528,1.8200005787563533,-0.09763977026802095,7,-0.0009304223349317908
GRC,Greece,2018,V,Current prices,156634919000.0,26825802000.0,15157677000.0,11668124000.0,26825801000.0,0.5650409631741858,0.1712632289866348,0.0967707398629292,0.074492482739433,True,98.3789999999999,106.749179915641,87.6311306393573,97.1779356576723,89.6338274688758,98.8539313504041,92.1640330876975,0.0683090683308629,-5.0763826806427765,1.8055192646500684,-3.2136190825267086,0.013013478948828427,0.5520274842253574,1.196921771983539,-2.236367792953864,8,0.012513024732470512
GRC,Greece,2019,V,Current prices,160732626000.0,29183982000.0,16097212000.0,13086770000.0,29183982000.0,0.5515769575241651,0.1815685012201567,0.1001490014852367,0.08141949973492,True,105.4815,114.456135519757,93.9578231152122,96.232770746135,88.7620375091796,105.921004484877,92.1640330876975,6.198410218135675,12.158304111269302,7.219528557924049,0.0,-0.013464005650020705,0.5650409631741858,2.616087795850941,8.790715744491063,9,-0.006885184440761805
GRC,Greece,2020,V,Current prices,147236264000.0,27003843000.0,17391207000.0,9612636000.0,27003843000.0,0.6440271112522762,0.1834048370040141,0.1181176873653898,0.0652871496386243,True,110.22325,119.601183436101,98.1814280783532,105.183449000272,97.0178575667996,112.000916649253,92.1640330876975,8.038628055591236,-26.546917230149223,4.495338045060038,0.0,0.09245015372811105,0.5515769575241651,-8.396778137625894,-7.470327387126263,10,0.011661226861178875
GRC,Greece,2021,V,Current prices,161015426000.0,28545988000.0,18042179000.0,10503809000.0,28545988000.0,0.6320390452066329,0.1772872867472958,0.1120524874430354,0.0652347993042604,True,118.60575,128.54105467591,105.520229417472,101.438287498669,93.5634400840055,119.357181987417,92.2729705795272,3.7431099520579543,9.270849327905474,7.605019812063252,0.1181995711125649,-0.011988066045643286,0.6440271112522762,9.358538192737619,5.710835305922934,11,-0.014572790823876858
GRC,Greece,2022,V,Current prices,182631289000.0,29326926000.0,19416217000.0,9910709000.0,29326926000.0,0.6620611038470244,0.1605799650245035,0.1063137488998394,0.0542662161246641,True,132.76675,142.03191706925,116.594970467123,106.629352983269,98.351513270344,125.504818005159,93.4594454905416,7.615698746808808,-5.646523085101796,11.939556050191502,1.2858314884225177,0.030022058640391536,0.6320390452066329,13.42471559215699,2.7357189388575343,12,-0.021079231053590775
HRV,Croatia,2011,V,Current prices,38464401000.0,3624863000.0,2817414000.0,807449000.0,3624863000.0,0.777247029749814,0.0942394241366192,0.0732473124955202,0.020992111641099,True,110.577235569111,112.940890468829,,109.758222642891,,115.519815633962,97.979183506804,-4.085291290031778,21.335328918401903,0.0656064068046857,1.20506817242807,-0.03804849036809155,0.8152955201179055,3.332022712391103,0.6100111438472222,1,-0.0036637084558606148
HRV,Croatia,2012,V,Current prices,36988373000.0,3803948000.0,2936541000.0,867407000.0,3803948000.0,0.7719719091848785,0.1028417227218942,0.0793909210334826,0.0234508016884116,True,108.789780255493,111.238245541944,,108.741117794091,,110.190987162262,97.9241839651336,4.228239087333274,7.425608304673115,-1.6164767589083362,-0.0561339048784748,-0.005275120564935509,0.777247029749814,-3.8373871986203567,4.940462577482241,2,-0.011546552181243896
HRV,Croatia,2013,V,Current prices,37353321000.0,3626694000.0,2858894000.0,767800000.0,3626694000.0,0.7882920367695758,0.0970916079991923,0.0765365414229165,0.0205550665762757,True,104.409889752756,106.865960751322,,104.451381974282,,103.738246782023,97.9058507845767,-2.6441653632624185,-11.483305991305116,-4.026012822574709,-0.0187218109097719,0.016320127584697364,0.7719719091848785,0.9866559959260668,-4.659737725121371,3,0.0059934272430837154
HRV,Croatia,2014,V,Current prices,37205071000.0,3665669000.0,2859427000.0,806241000.0,3665668000.0,0.7800559734116747,0.098526058450473,0.0768558404309993,0.0216701911414172,True,102.839929001775,103.606039602876,,101.590549096083,,102.51537880029,99.4000049999583,0.0186435733538825,5.0066423547799,-1.503651382736526,1.526113305188681,-0.008236063357901169,0.7882920367695758,-0.3968857280454374,1.0746702092870208,4,0.0014675963902845979
HRV,Croatia,2015,V,Current prices,37341206000.0,3691756000.0,2867651000.0,824105000.0,3691756000.0,0.7767715417812011,0.0988654731719163,0.0767958860246774,0.0220695871472388,True,100.0,100.0,,100.0,,100.0,100.0,0.2876100701294293,2.21571465603958,-2.7615042419233737,0.6036166698804024,-0.003284431630473539,0.7800559734116747,0.3659044220074126,0.7116572718376846,5,0.0057527110911905766
HRV,Croatia,2016,V,Current prices,38619356000.0,3733573000.0,2868134000.0,865440000.0,3733574000.0,0.7682008628196101,0.0966762107581493,0.0742667485185408,0.0224094881333598,True,101.032474188145,101.991371409673,,94.985024664092,,102.16502954018,98.9200089999249,0.0168430537746733,5.015744352964724,1.032474188145005,-1.079991000075098,-0.008570678961591027,0.7767715417812011,3.4228942685996744,1.1327129962001914,6,-0.0059731765650212765
HRV,Croatia,2017,V,Current prices,40307954000.0,3795653000.0,2909117000.0,886536000.0,3795653000.0,0.7664338652663981,0.0941663523779946,0.0721722814311041,0.0219940709468905,True,104.984875378116,106.181633623869,,95.3292310582019,,105.246244180872,98.6391780068499,1.4289081333020093,2.437603993344428,3.912010689365819,-0.2838970557263232,-0.0017669975532119686,0.7682008628196101,4.372413667384811,1.6627504002198368,7,-0.005771908443421125
HRV,Croatia,2018,V,Current prices,42030757000.0,3832725000.0,2930355000.0,902370000.0,3832725000.0,0.7645617674109152,0.091188578878082,0.069719301034716,0.0214692778433659,True,111.797205069873,109.850506209015,,94.8669961316777,,110.496555686629,101.167490270914,0.7300497023667418,1.7860526814478028,6.488867722347202,2.563192754798216,-0.0018720978554829237,0.7664338652663981,4.274101831117494,0.9766962364578635,8,0.0002069304755423218
HRV,Croatia,2019,V,Current prices,45117833000.0,4109295000.0,3029652000.0,1079643000.0,4109295000.0,0.737268071530518,0.0910791748353694,0.0671497675874637,0.0239294072479057,True,121.636959076023,114.137018023971,,97.2786192066043,,118.891321573348,106.090782576812,3.388565549225264,19.645267462349132,8.801431127012682,4.86647666430593,-0.027293695880397206,0.7645617674109152,7.344802283718077,7.216014715378738,9,-0.01072340551763773
HRV,Croatia,2020,V,Current prices,42195913000.0,4156797000.0,3106612000.0,1050185000.0,4156797000.0,0.7473571598516839,0.0985118392864256,0.0736235284208686,0.024888310865557,True,130.574235644109,120.275635680813,,103.181246277829,,126.964323435922,108.400763326972,2.540225742098423,-2.728494511611712,7.347500822098163,2.1773623438846146,0.010089088321165951,0.737268071530518,-6.4761975602862005,1.155964709274948,10,0.014639412052929401
HRV,Croatia,2021,V,Current prices,47841497000.0,4428691000.0,3182168000.0,1246524000.0,4428692000.0,0.7185346640801988,0.0925700757231739,0.0665148082636293,0.0260552883619005,True,140.363990900228,128.466676481489,,96.9111957107712,,132.936400785394,108.896592528395,2.432102882497067,18.695658383999003,7.497463192357334,0.4574037914543361,-0.0288224957714851,0.7473571598516839,13.379456915649634,6.540949678322039,11,-0.01447849441319704
HRV,Croatia,2022,V,Current prices,56304423000.0,5063192000.0,3429805000.0,1633388000.0,5063193000.0,0.6773997509871243,0.0899252976981932,0.0609153742681991,0.0290099411905881,True,161.178470538237,142.965193357025,,98.6219924023178,,138.035118538357,112.355730368913,7.782021565171915,31.035423305126898,14.828931198461092,3.1765345087505947,-0.04113491309307449,0.7185346640801988,17.68950917234049,14.327055104996035,12,0.000681280333083123
HUN,Hungary,2011,V,Current prices,24058485000000.0,2123562000000.0,1435112000000.0,688450000000.0,2123562000000.0,0.6758041441690895,0.0882666551946226,0.05965097137247,0.0286156838221525,True,90.4475000000001,98.1398696807468,,105.790357212196,,98.1764612888934,92.2223432777658,2.554589084755654,-0.9678096832753668,-3.4299594277172663,1.8508844232063335,0.007703910323217711,0.6681002338458718,4.356965110089872,1.385505757344574,1,-0.0004964288673363626
HUN,Hungary,2012,V,Current prices,24191258000000.0,2135998000000.0,1465433000000.0,670565000000.0,2135998000000.0,0.6860647809595327,0.0882962762829448,0.0605769654476009,0.0277193108353439,True,87.0975000000001,91.0160828805016,,99.1484658749791,,89.8032491831258,95.7630029236998,2.11279677126246,-2.597864768683278,-3.703806075347582,3.839264455978775,0.0102606367904432,0.6758041441690895,0.5518759805532181,0.5856198217899955,2,0.0008333898731507361
HUN,Hungary,2013,V,Current prices,25520533000000.0,2206128000000.0,1488942000000.0,717186000000.0,2206128000000.0,0.6749118818128413,0.0864452164850945,0.0583429037316736,0.0281023127534209,True,84.8700000000001,86.8880239725238,,92.8137636442771,,86.2518663336749,97.7280652271936,1.6042357446570454,6.95249528382782,-2.5574786876775946,2.052005726114792,-0.011152899146691375,0.6860647809595327,5.494856861102471,3.2832427745718817,3,-0.0018464719178155065
HUN,Hungary,2014,V,Current prices,27485682000000.0,2273248000000.0,1508138000000.0,765110000000.0,2273248000000.0,0.6634287152127705,0.0827066252167219,0.0548699501071139,0.0278366751096079,True,88.4275000000001,90.2589369236261,,92.5166714250269,,88.8577806372028,98.0231226976879,1.2892375928679645,6.682227483525893,4.191704960527853,0.3019168237991421,-0.011483166600070871,0.6749118818128413,7.7002662914603,3.0424345278243115,4,-0.003371168626472354
HUN,Hungary,2015,V,Current prices,29258462000000.0,2328439000000.0,1541903000000.0,786536000000.0,2328439000000.0,0.6622045928624284,0.0795817292105101,0.0526993865911338,0.0268823426193762,True,100.0,100.0,,100.0,,100.0,100.0,2.2388534736211163,2.8003816444694296,13.086992168725663,2.0167458941386496,-0.0012241223503420828,0.6634287152127705,6.449830861027928,2.4278477315277547,5,-0.006144118960946798
HUN,Hungary,2016,V,Current prices,30675148000000.0,2724174000000.0,1857485000000.0,866689000000.0,2724174000000.0,0.6818525542054216,0.0888071998870225,0.0605534160747977,0.0282537838122248,True,113.3775,107.772667954676,,106.909479003776,,112.312218812435,105.234264476574,20.4670462409114,10.19063335943937,13.377499999999998,5.234264476574002,0.01964796134299318,0.6622045928624284,4.841970162341402,16.99572116770076,6,0.011342696845531464
HUN,Hungary,2017,V,Current prices,33315601000000.0,2999933000000.0,2068443000000.0,931490000000.0,2999933000000.0,0.6894963987529055,0.0900458917130145,0.0620863180586176,0.0279595736543969,True,127.24,117.365916181853,,109.057074875138,,122.035533025648,108.432664156734,11.357184580225413,7.476845788973896,12.22685277061144,3.039313949756361,0.007643844547483902,0.6818525542054216,8.607792210163101,10.122664704971118,7,-0.009237512946128845
HUN,Hungary,2018,V,Current prices,36641892000000.0,3437238000000.0,2386021000000.0,1051217000000.0,3437238000000.0,0.6941681082310855,0.0938062368613498,0.0651172979823203,0.0286889388790295,True,145.495,127.730260091812,,111.173249795845,,134.810463819898,113.908863609114,15.353480854923252,12.853278081353526,14.34690348946872,5.050322700237642,0.004671709478180075,0.6894963987529055,9.984184286514907,14.577158889881868,8,-0.0074980054050683975
HUN,Hungary,2019,V,Current prices,40257788000000.0,4014346000000.0,2818789000000.0,1195557000000.0,4014346000000.0,0.7021788854274146,0.0997160102288779,0.0700184769217821,0.0296975333070957,True,170.1675,136.627586962205,,116.732777352312,,150.962736542825,124.607562539244,18.137644220231092,13.730752071170848,16.957627409876608,9.392332248035862,0.008010777196329033,0.6941681082310855,9.868202220562194,16.789876057462404,9,-0.004202680196613073
HUN,Hungary,2020,V,Current prices,41249705000000.0,4299815000000.0,3012463000000.0,1287352000000.0,4299815000000.0,0.7006029329168814,0.1042386848584735,0.073029928335245,0.0312087565232284,True,178.5775,137.516172829764,,119.140278818481,,154.099327570414,129.936237006377,6.87082289593155,7.678011169689114,4.942189313470546,4.276365220975098,-0.0015759525105332184,0.7021788854274146,2.463913317840505,7.111220607291946,10,-0.0016546520637348294
HUN,Hungary,2021,V,Current prices,47068878000000.0,4951714000000.0,3480444000000.0,1471270000000.0,4951714000000.0,0.7028766200955872,0.1052014454221747,0.0739436363875085,0.0312578090346661,True,208.0375,157.103711521004,,120.910832340601,,169.569119760979,132.397036760297,15.534829805378523,14.286535461940474,16.497039100670573,1.8938517927060028,0.0022736871787057966,0.7006029329168814,14.107186948367257,15.16109414009672,11,0.0009298461372964084
HUN,Hungary,2022,V,Current prices,56052434000000.0,6493919000000.0,4807615000000.0,1686304000000.0,6493919000000.0,0.7403256800708479,0.1158543623636397,0.085769959606036,0.0300844027576037,True,254.515,174.008129728926,,123.633657942507,,179.949701389859,146.353085364692,38.13223255423732,14.61553623740035,22.340924112239374,10.541058127805549,0.03744905997526071,0.7028766200955872,19.08597863751926,31.144872260393065,12,-0.007569026201963425
HUN,Hungary,2023,V,Current prices,65157153000000.0,7452859000000.0,5452148000000.0,2000711000000.0,7452859000000.0,0.7315512073957122,0.1143828214839282,0.0836768911618959,0.0307059303220323,True,272.5425,163.836422145538,,112.242187548967,,169.245159580249,166.511258348875,13.406501976551777,18.644740212915355,7.083079582735796,13.773657681320197,-0.008774472675135647,0.7403256800708479,16.24321791271366,14.766737928206375,13,-0.008143543265759945
ITA,Italy,2011,V,Current prices,1470334050000.0,195793234000.0,128897090000.0,66896144000.0,195793234000.0,0.6583327082691733,0.1331624157109059,0.0876651737746262,0.0454972419362797,True,119.691950770123,123.698725479427,111.580357676777,118.106665689532,120.008234421431,124.793808689753,96.7621620843307,3.951731629376787,3.3164659351923254,1.3278447390979498,1.6134028051466132,0.0013801369564856447,0.6569525713126877,1.8768470683719451,3.733805913837651,1,-0.0024245844688266516
ITA,Italy,2012,V,Current prices,1448020965000.0,199877575000.0,132466660000.0,67410914999.99999,199877575000.0,0.6627389790975801,0.1380350007570505,0.0914811754814613,0.0465538252755891,True,116.642208394479,117.986662289878,106.427887016372,119.393760776563,121.316052299663,118.418670523364,98.8731044755048,2.769317755738321,0.7695077312677379,-2.547992873389837,2.181578362557013,0.004406270828406722,0.6583327082691733,-1.5175520828073052,2.086048080701297,2,0.0013334075920283794
ITA,Italy,2013,V,Current prices,1444106062000.0,201030650000.0,135418082000.0,65612568000.0,201030650000.0,0.673619082463296,0.1392076768389052,0.0937729475440703,0.0454347292948348,True,109.032727418181,108.845070404549,98.1818675982515,111.49843352498,113.293606842328,109.461918335714,100.17460113667,2.2280489294438377,-2.667738599898828,-6.523779925842166,1.3163303287272,0.010880103365715987,0.6627389790975801,-0.27036231481634143,0.5768906291763853,3,-0.005978182423859835
ITA,Italy,2014,V,Current prices,1457859174000.0,203587451000.0,136862872000.0,66724579000.0,203587451000.0,0.6722559338885774,0.139648228464624,0.0938793502423712,0.0457688782222527,True,103.94974012565,104.090618145116,93.8931937933395,105.470288406303,107.168405963063,104.100235632498,99.8650932115992,1.06691069513154,1.6948140179485094,-4.661891353993064,-0.3089684626231159,-0.0013631485747186423,0.673619082463296,0.9523616278539038,1.2718463577568784,4,0.004360135644674301
ITA,Italy,2015,V,Current prices,1488049000000.0,205209600000.0,138959900000.0,66249700000.0,205209600000.0,0.6771608150885728,0.1379051361883916,0.0933839544262319,0.0445211817621597,True,100.0,100.0,90.2033204014983,100.0,101.610043532088,100.0,100.0,1.5322110148324295,-0.7117002566625397,-3.799663299663592,0.1350890326762721,0.004904881199995437,0.6722559338885774,2.070832803223821,0.7967824107194099,5,5.832725219079293e-05
ITA,Italy,2016,V,Current prices,1522753800000.0,207370600000.0,140995100000.0,66375500000.0,207370600000.0,0.6799184648161312,0.1361813052116501,0.0925921839761621,0.0435891212354879,True,100.261249346876,99.9609656499861,90.1681101216885,98.7453673421661,100.335210742295,99.7421169734347,100.300361151325,1.4645951817754632,0.189887652321441,0.2612493468759913,0.3003611513250126,0.00275764972755832,0.6771608150885728,2.332235027206764,1.0530696419660757,6,-0.0012697222409769893
ITA,Italy,2017,V,Current prices,1557795800000.0,209694800000.0,142973000000.0,66721800000.0,209694800000.0,0.681814713574204,0.1346099405326423,0.0917790380485041,0.0428309024841381,True,99.1575021062446,98.6641344740453,88.9983253409881,95.3510890182809,96.8862830597952,97.332658496259,100.500345272586,1.4028147077451705,0.5217286498783391,-1.100871221754618,0.1993852454422073,0.001896248758072816,0.6799184648161312,2.3012255822313588,1.1207953297140527,7,-0.0008297719177789986
ITA,Italy,2018,V,Current prices,1589576200000.0,212350200000.0,145192400000.0,67157800000.0,212350200000.0,0.6837403496676716,0.1335891918864915,0.0913403207722913,0.0422488711142001,True,98.6057534856161,97.7423742998654,88.1668670577393,93.239599202877,94.7407973391878,95.5196388060087,100.883639838997,1.5523210676141597,0.6534595889199579,-0.5564365871553734,0.3813863179985999,0.0019256360934676309,0.681814713574204,2.040087667459378,1.2663165705587343,8,-0.0012518673902377486
ITA,Italy,2019,V,Current prices,1611368500000.0,216862600000.0,146970400000.0,69892200000.0,216862600000.0,0.6777120628453224,0.1345828716398514,0.0912084355626909,0.0433744360771605,True,98.5185037037406,97.389928481188,87.848949226676,92.2562222610757,93.741587600539,94.5867415429143,101.158618005731,1.2245820029147536,4.071604489724212,-0.0884834594243266,0.2725696328689686,-0.006028286822349238,0.6837403496676716,1.3709503199657913,2.124980339081395,9,-0.0022232031915336847
ITA,Italy,2020,V,Current prices,1496321900000.0,213196600000.0,150515300000.0,62681300000.0,213196600000.0,0.7059929661167205,0.1424804381998285,0.100590187178307,0.0418902510215215,True,100.406498983752,99.0199588481152,89.3192907411971,96.0217886789562,97.567781276977,96.1459355479619,101.400273818259,2.4119822767033394,-10.317174162495956,1.9163864746554404,0.238888012995897,0.028280903271398095,0.6777120628453224,-7.139682822395999,-1.6904712938053845,10,-0.0008839775109663606
ITA,Italy,2021,V,Current prices,1644016400000.0,216931900000.0,152114700000.0,64817200000.0,216931900000.0,0.7012094578989997,0.1319523941488661,0.0925262667696015,0.0394261273792645,True,102.904242739393,101.440334710342,91.502550135122,93.2801536711323,94.7820047520362,97.1267187934538,101.441945509527,1.0626162257258986,3.4075553634018485,2.48763155863565,0.0410962314980389,-0.004783508217720778,0.7059929661167205,9.870503131712493,1.7520448262308141,11,-0.014598180539906025
ITA,Italy,2022,V,Current prices,1793606600000.0,226687800000.0,156528300000.0,70159500000.0,226687800000.0,0.6905016502873115,0.126386577747874,0.0872701405090726,0.0391164372388014,True,106.854232864418,104.15650299005,93.9526241111105,90.8598117456353,92.3226942679133,94.4774204233336,102.591854206776,2.901494727334053,8.242102404917206,3.838510463585476,1.1335633316900573,-0.010707807611688214,0.7012094578989997,9.09906981463202,4.497217790467878,12,-0.02055642195045948
LTU,Lithuania,2011,V,Current prices,28147838000.0,1754035000.0,1018540000.0,735495000.0,1754035000.0,0.5806839658273638,0.0623150879296662,0.0361853723898794,0.0261297155397867,True,89.771724429311,138.691535368087,,108.199067404486,,92.7322884797982,64.5683857284194,2.7863752095256045,5.275098369548892,6.59767678656773,2.307433458197261,-0.005814129248954414,0.5864980950763182,11.654561298342013,3.815529285871122,1,0.0016871938714757562
LTU,Lithuania,2012,V,Current prices,30151418000.0,1843725000.0,1061890000.0,781835000.0,1843725000.0,0.5759481484494706,0.0611488653701129,0.0352185757897025,0.0259302895804104,True,89.5652239130598,125.623099678203,,103.828719526854,,89.4729772688555,71.1677435583872,4.25609205333124,6.300518698291624,-0.2300284611484904,10.22072606511384,-0.004735817377893192,0.5806839658273638,7.118060008729632,5.113352926252901,2,0.004171705339103937
LTU,Lithuania,2013,V,Current prices,31693426000.0,2002632000.0,1138279000.0,864353000.0,2002632000.0,0.568391496790224,0.0631876149962455,0.0359153030663204,0.0272723119299251,True,90.6427266068165,119.365946449126,,97.9923972122367,,89.7142238771644,75.7968012898401,7.193682961512016,10.554400864632573,1.203036900574972,6.504432345329514,-0.0075566516592465716,0.5759481484494706,5.11421386549713,8.618801610869298,3,-0.013271165080368519
LTU,Lithuania,2014,V,Current prices,33067677000.000004,2146081000.0,1189039000.0,957042000.0,2146081000.0,0.554051314931729,0.0648996601726816,0.0359577420572966,0.028941918115385,True,96.476741191853,113.743730886283,,100.988905059822,,95.4923710958926,84.6537192326861,4.459363653374959,10.723512268714286,6.436274374603568,11.685081417852894,-0.01434018185849506,0.568391496790224,4.336075878953594,7.163023461125162,4,-0.000253444944974035
LTU,Lithuania,2015,V,Current prices,33603596000.0,2266512000.0,1193834000.0,1072678000.0,2266512000.0,0.5267274119881121,0.0674484956907588,0.0355269715776847,0.0319215241130741,True,100.0,100.0,,100.0,,100.0,100.0,0.4032668398597616,12.082646320642157,3.651925598461792,18.128300689461582,-0.027323902943616862,0.554051314931729,1.6206732635013932,5.611670761728016,5,-0.0027336361818015575
LTU,Lithuania,2016,V,Current prices,35000531000.0,2408605000.0,1246879000.0,1161726000.0,2408605000.0,0.5176768295341079,0.0688162416735906,0.0356245738100373,0.0331916678635532,True,105.408263520659,95.2233170100946,,96.4224152360455,,104.235317630872,110.400505520025,4.4432475536799965,8.301466050389749,5.408263520658996,10.400505520025003,-0.009050582454004252,0.5267274119881121,4.157099734207015,6.269236606733175,6,-0.0008827716810628772
LTU,Lithuania,2017,V,Current prices,37981863000.0,2504325000.0,1314063000.0,1190262000.0,2504325000.0,0.5247174388308227,0.0659347594403149,0.0345971181034484,0.0313376413368664,True,114.804037010093,103.346151115481,,102.855189787036,,109.391711908068,110.801580540079,5.388173190822854,2.456345127852866,8.913697252580688,0.3632909271246376,0.007040609296714795,0.5176768295341079,8.517962198916361,3.9740845842302974,7,-0.0022502525243908167
LTU,Lithuania,2018,V,Current prices,40927721000.0,2810385000.0,1420222000.0,1390163000.0,2810385000.0,0.5053478438007604,0.0686670288824535,0.0347007349859524,0.0339662938965011,True,123.200058000145,104.85213061586,,101.687078983502,,114.454343011515,117.192380859619,8.078684203116593,16.794705703450163,7.313349955902582,5.7677880481392,-0.019369595030062303,0.5247174388308227,7.755959732675577,12.221257225000759,8,-0.006221286486834288
LTU,Lithuania,2019,V,Current prices,43949287000.0,2888350000.0,1532974000.0,1355376000.0,2888350000.0,0.5307438502951513,0.0657200650376876,0.03488052035975,0.0308395446779375,True,131.627829069573,104.060645323467,,98.7366444821193,,119.677971220812,126.173781308689,7.939040516200979,-2.5023684272995284,6.840720050162719,7.663809185537862,0.025396006494390888,0.5053478438007604,7.382688129642001,2.77417506854043,9,-0.012235434725880623
LTU,Lithuania,2020,V,Current prices,44904953000.0,3023478000.0,1642203000.0,1381275000.0,3023478000.0,0.5431503057075329,0.0673306127277318,0.036570642886543,0.0307599698411887,True,141.191352978382,108.707599930106,,96.8893476694277,,126.868087279364,129.531456476573,7.125300233402521,1.91083507454759,7.265579001347899,2.66115125746238,0.012406455412381612,0.5307438502951513,2.174474411837446,4.678380390188175,10,-0.0007984883850440383
LTU,Lithuania,2021,V,Current prices,50519795000.0,3223377000.0,1806061000.0,1417316000.0,3223377000.0,0.5603008894088405,0.0638042375270921,0.0357495710344826,0.0280546664926094,True,163.849159622899,123.880251990584,,101.056263756451,,140.685838131769,131.879331593967,9.977938172077394,2.609255941068933,16.047588019066694,1.812590687435556,0.01715058370130762,0.5431503057075329,12.503836714849692,6.611557947502833,11,-0.004159859847277403
LTU,Lithuania,2022,V,Current prices,60696143000.0,3827768000.0,2134277000.0,1693491000.0,3827768000.0,0.5575774184851329,0.0630644355770678,0.0351633051872834,0.0279011303897844,True,195.063737659344,127.101143191337,,107.078729398587,,141.568385490157,153.170032658502,18.17302959313112,19.48577452029045,19.050801425094743,16.144077170549576,-0.002723470923707616,0.5603008894088405,20.143288388244642,18.75024237003615,12,-0.013047626242041588
LUX,Luxembourg,2011,V,Current prices,39801076000.0,3352387000.0,1794971000.0,1557416000.0,3352387000.0,0.5354307244360511,0.0842285520120109,0.0450985546219906,0.0391299973900203,True,83.0977499999999,87.6253278102683,,88.8784523761608,,87.5350356141268,94.8314621123597,8.855458840752494,-1.4664730686861582,3.671971005994679,1.909226579351864,0.02484811586964053,0.5105826085664106,4.093379803406916,3.803725851079909,1,-0.001855409936979413
LUX,Luxembourg,2012,V,Current prices,41682682000.0,3430970000.0,1754693000.0,1676276000.0,3430969000.0,0.5114276720577563,0.0823116420387728,0.0420964514711409,0.0402151665768531,True,86.5907499999999,90.1097243137538,,90.2476535924672,,89.3070375186735,96.094479707086,-2.2439359744530707,7.631872280752217,4.203483247139661,1.331855026372808,-0.02400305237829481,0.5354307244360511,4.7275254568494685,2.3440909417677513,2,-0.0029208227060735226
LUX,Luxembourg,2013,V,Current prices,44019418000.0,3856123000.0,1738885000.0,2117238000.0,3856123000.0,0.4509412692489321,0.0876004993977885,0.039502680385279,0.0480978190125094,True,90.90925,93.2983247924754,,91.4748340424546,,92.3436006000189,97.43959980797,-0.9008983337826072,26.30604983904796,4.987253257420798,1.3997891502032012,-0.060486402808824224,0.5114276720577563,5.606011628522367,12.391626857710802,3,0.0014738253084942698
LUX,Luxembourg,2014,V,Current prices,46254988000.0,4024393000.0,1775030000.0,2249363000.0,4024393000.0,0.4410677585414744,0.0870045193828609,0.0383748883471767,0.0486296310356842,True,94.8927499999999,96.46261021013,,94.5741113060348,,95.7274140897806,98.3723073779231,2.078630846778262,6.2404415564051074,4.381842331775809,0.9572161336779184,-0.009873510707457678,0.4509412692489321,5.078599630735692,4.363709352632172,4,0.0021023820154368877
LUX,Luxembourg,2015,V,Current prices,49537301000.0,4189517000.0,1769357000.0,2420159000.0,4189516000.0,0.4223295907380254,0.0845729766343144,0.0357176706094665,0.0488552858380395,True,100.0,100.0,,100.0,,100.0,100.0,-0.3196002321087521,7.593083019503743,5.382128771692374,1.6546248283306977,-0.018738167803449002,0.4410677585414744,7.096127665193652,4.103078402134175,5,-0.0032801281195133924
LUX,Luxembourg,2016,V,Current prices,51386241000.0,4391064000.0,1878944000.0,2512120000.0,4391064000.0,0.427901756840711,0.0854521349401681,0.0365651186666874,0.0488870162734806,True,106.073,105.178245140314,,106.096125364081,,105.278066674891,100.850607563796,6.193605925768519,3.799791666580576,6.072999999999995,0.850607563796002,0.005572166102685627,0.4223295907380254,3.7324197376033874,4.810745486890244,6,0.004271132871508598
LUX,Luxembourg,2017,V,Current prices,53011490000.0,4613051000.0,2030223000.0,2582829000.0,4613052000.0,0.4401041740054467,0.0870198328701947,0.038297791667429,0.0487220600666006,True,112.084,109.855967191161,,107.051833987213,,108.824044520586,102.028657652149,8.051277738985307,2.814714265242113,5.666852073571982,1.1681140221270203,0.01220241716473569,0.427901756840711,3.162809671172484,5.055426201941038,7,0.0010237210663035512
LUX,Luxembourg,2018,V,Current prices,54533051000.0,4763489000.0,2069310000.0,2694179000.0,4763489000.0,0.4344105759454887,0.0873504950236508,0.0379459788523477,0.0494045161713031,True,120.407,116.534677545334,,112.336701731267,,114.805696722121,103.319382748954,1.925256486602711,4.311164231158937,7.425680739445406,1.2650613332633842,-0.005693598059958005,0.4401041740054467,2.870247563311268,3.261138886173165,8,-0.00047562801046296954
LUX,Luxembourg,2019,V,Current prices,56495174000.0,4844713000.0,1985534000.0,2859179000.0,4844713000.0,0.4098352162450077,0.0857544575400369,0.0351451966498943,0.0506092608901425,True,131.876,125.9291241,,118.846332006882,,124.013064081387,104.71413285356,-4.048499258206839,6.1243146799080606,9.525193717973224,1.3499404153381134,-0.024575359700481025,0.4344105759454887,3.598043689138164,1.70513671806527,9,-0.0028124460950493813
LUX,Luxembourg,2020,V,Current prices,58593313000.0,4750834000.0,1936706000.0,2814128000.0,4750834000.0,0.4076560031354495,0.0810815049833417,0.0330533622497161,0.0480281427336255,True,151.036,142.680171507201,,128.255305573705,,140.692560266131,105.850207938765,-2.459187301753585,-1.5756621044012986,14.528799781613031,1.0849300416723828,-0.002179213109558209,0.4098352162450077,3.7138375748696717,-1.9377618447160905,10,-0.0008225268684327602
LUX,Luxembourg,2021,V,Current prices,66274077999.99999,4960381000.0,2021669000.0,2938712000.0,4960381000.0,0.4075632496777969,0.0748464731565183,0.0305046718265925,0.0443418013299257,True,172.116,160.382315562556,,145.982346512782,,157.926150691902,107.308908048168,4.386984911494052,4.427090736455486,13.956937418893522,1.378079587946468,-9.275345765258347e-05,0.4076560031354495,13.108603365711712,4.41074135614925,11,0.012626253999769688
LUX,Luxembourg,2022,V,Current prices,69430320000.0,4940054000.0,2130470000.0,2809584000.0,4940054000.0,0.431264516541722,0.0711512491948762,0.0306850090853678,0.0404662401095083,True,188.53125,172.683796012177,,154.473031805959,,164.002697664793,109.177183188289,5.38174152148545,-4.394033848842627,9.53731785539984,1.7410252085338307,0.023701266863925097,0.4075632496777969,4.762408011168429,-0.4097870707915341,12,-0.008070379495620728
LVA,Latvia,2011,V,Current prices,17498875000.0,2039967000.0,1251019000.0,788948000.0,2039967000.0,0.6132545281369748,0.1165770370952418,0.0714913958754491,0.0450856412197927,True,88.7250000000001,108.595052275966,,112.28483232112,,91.7773825198598,81.7140740857037,14.839708783406058,39.73574211831385,10.423148724331032,5.598404174980498,-0.04538273196936382,0.6586372601063386,11.10675474083318,23.338202449633073,1,0.03218507021665573
LVA,Latvia,2012,V,Current prices,19402670000.0,2392389000.0,1457709000.0,934681000.0,2392390000.0,0.6093110275962647,0.1233020506971463,0.0751292992150049,0.0481728030214398,True,91.3625000000001,102.080146993574,,106.876104078593,,92.4072441243337,89.5252344762618,16.521731484493852,18.471813097948164,2.9726683572837365,9.559137122897043,-0.003943500540710132,0.6132545281369748,10.87952796965519,17.275867697859827,2,0.00945975724607706
LVA,Latvia,2013,V,Current prices,20035007000.0,2592666000.0,1548494000.0,1044172000.0,2592666000.0,0.5972593461710841,0.1294067928201872,0.0772894164698819,0.0521173763503052,True,97.6225000000002,103.187249222689,,110.185641403375,,98.5028862987566,94.58359972918,6.22792340583751,11.71426401092994,6.851826515255266,5.650211677758255,-0.012051681425180538,0.6093110275962647,3.2590205368642655,8.37142287479169,3,-0.0029162808787077665
LVA,Latvia,2014,V,Current prices,20802872000.0,2888510000.0,1657702000.0,1230808000.0,2888510000.0,0.5738951916385957,0.1388515008889157,0.0796862087119509,0.0591652921769648,True,103.475,104.242268784414,,110.262071471574,,103.600137318948,99.2620074631004,7.052529748258629,17.874066724639228,5.995031883018553,4.946320236611879,-0.023364154532488413,0.5972593461710841,3.8326165795699474,11.410802625559935,4,0.0072271088138222694
LVA,Latvia,2015,V,Current prices,21333710000.0,2657860000.0,1615690000.0,1042171000.0,2657861000.0,0.6078913110547584,0.1245849877963092,0.0757341315692394,0.0488509031012421,True,100.0,100.0,,100.0,,100.0,100.0,-2.534351771307508,-15.32627347238562,-3.3582991060642664,0.7434793590830102,0.03399611941616265,0.5738951916385957,2.551753430968562,-7.985085736244635,5,0.01163213886320591
LVA,Latvia,2016,V,Current prices,22166900000.0,2839249000.0,1672955000.0,1166294000.0,2839249000.0,0.589224474500123,0.1280850727887074,0.0754708597052361,0.0526142130834713,True,108.4875,110.019686594909,,101.703729102739,,107.729576917519,98.6193074309654,3.5443061478377613,11.910041634242363,8.487500000000004,-1.3806925690345917,-0.018666836554635302,0.6078913110547584,3.905509168353749,6.824625826792974,6,-0.012327436357736588
LVA,Latvia,2017,V,Current prices,23563434000.0,2911800000.0,1818908000.0,1092891000.0,2911799000.0,0.6246679030153169,0.1235728204980649,0.0771919746502143,0.0463808034092144,True,118.0125,120.074268647621,,102.712045982154,,113.94113023286,98.2735124136757,8.72426335436398,-6.293696100640145,8.779813342551002,-0.3506362256009199,0.03544342851519389,0.589224474500123,6.300087066752691,2.555288387880039,7,-0.015497305430471897
LVA,Latvia,2018,V,Current prices,25307377000.0,3147662000.0,1928895000.0,1218767000.0,3147662000.0,0.6128024546472906,0.1243772517396804,0.0762186851683602,0.0481585665713202,True,129.3,126.308982377915,,104.151188326211,,121.603728442793,102.369872618493,6.0468698801698695,11.517708536349923,9.56466476008897,4.168325832879516,-0.011865448368026388,0.6246679030153169,7.401056229749869,8.100212926711992,8,-0.00469181127846241
LVA,Latvia,2019,V,Current prices,26617197000.0,3246276000.0,2063391000.0,1182886000.0,3246277000.0,0.635617858740292,0.1219616024933053,0.0775209726253294,0.0444406674376719,True,140.875,131.479822726226,,106.472237145849,,128.222004311238,107.120055356003,6.972696803091916,-2.944040985684715,8.952049497293114,4.640215539988746,0.022815404093001423,0.6128024546472906,5.175645030300857,3.1329285037593024,9,-0.0024258450139313936
LVA,Latvia,2020,V,Current prices,26280960000.0,3262786000.0,2127709000.0,1135078000.0,3262787000.0,0.6521141748186978,0.1241501832505357,0.0809600943040132,0.0431901269968829,True,145.7675,139.166859773458,,107.148380911255,,132.375079042228,104.808955240448,3.117101896829033,-4.041640530025714,3.4729370008873106,-2.157485923503566,0.016496316078405848,0.635617858740292,-1.2632321878220276,0.5085827575967095,10,0.002891273470595479
LVA,Latvia,2021,V,Current prices,28062188000.0,2379307000.0,1207953000.0,1171353000.0,2379306000.0,0.5076911050150317,0.084786938210235,0.0430455743507954,0.0417413282242995,True,161.645,151.765378087274,,110.649139675482,,143.050285473328,106.461155323058,-43.22752782452864,3.1958156179575425,10.892345687481786,1.576392092469181,-0.14442306980366615,0.6521141748186978,6.777636737775183,-27.077442406581365,11,-0.06892039626836777
LVA,Latvia,2022,V,Current prices,31521384000.0,2576407000.0,1367187000.0,1209220000.0,2576407000.0,0.5306564529594897,0.0817352118802905,0.0433733176182873,0.0383618942620032,True,184.005,167.96418011555,,112.915797165717,,143.310988595515,109.586555479328,13.18213539765205,3.232757332759628,13.832781713013077,2.9357188044652816,0.022965347944458037,0.5076911050150317,12.326893398333727,8.283924688995569,12,-0.002027292037382722
LVA,Latvia,2023,V,Current prices,34788162000.0,2979625000.0,1532048000.0,1447578000.0,2979626000.0,0.5141747703150564,0.0856505439982716,0.0440393487876709,0.0416112239560112,True,190.885,169.398365942311,,112.089345690421,,137.763777921071,112.735580636779,12.05840898136099,19.71171498982816,3.739028830738289,2.873550631897559,-0.016481682644433282,0.5306564529594897,10.363688345664013,15.65039995621811,13,0.01668577268719673
NLD,Netherlands,2011,V,Current prices,579590000000.0,33405000000.0,7380000000.0,26025000000.0,33405000000.0,0.2209250112258644,0.0576355699718766,0.0127331389430459,0.0449024310288307,True,109.21725,125.155944051626,118.272518286499,115.361919945052,120.356892589586,113.665566748229,87.273780636311,33.550488599348526,-0.1840984926935962,-1.984016584700421,1.7098565186378645,0.046046059360299096,0.1748789518655653,2.0841662894512947,5.715370739580372,1,0.0041997977532446384
NLD,Netherlands,2012,V,Current prices,583832000000.0,29050000000.0,3222000000.0,25828000000.0,29050000000.0,0.1109122203098106,0.0497574644760821,0.0055187108620288,0.0442387536140533,True,101.8855,114.137655901764,107.860222677487,107.723595776104,112.387842126448,104.912767802623,89.2903255354837,-56.34146341463415,-0.7569644572526402,-6.712996344441935,2.310596475218696,-0.11001279091605379,0.2209250112258644,0.7318966855880848,-13.036970513396195,2,-0.08282085508108139
NLD,Netherlands,2013,V,Current prices,588535000000.0,31173000000.0,5197000000.0,25976000000.0,31173000000.0,0.1667147852308087,0.0529671132557961,0.0088304009107359,0.0441367123450601,True,95.7714999999998,103.419750909307,97.7317895150117,100.926716518539,105.296669691586,96.7337836048462,92.6383053680848,61.29733085040348,0.5730215270249417,-6.000853899720948,3.7495437635856943,0.05580256492099811,0.1109122203098106,0.8055399498485771,7.308089500860593,3,0.00991623755544424
NLD,Netherlands,2014,V,Current prices,597414000000.0,34716000000.0,7996000000.0,26720000000.0,34716000000.0,0.2303260744325383,0.0581104560656429,0.013384353229084,0.0447261028365589,True,96.5564999999999,99.7653777844552,94.2784024984397,99.0604508156311,103.349597894797,96.672066544433,96.8006651599668,53.85799499711372,2.864182322143516,0.8196592932136371,4.493130325887829,0.06361128920172959,0.1667147852308087,1.5086613370487667,11.365604850351275,4,-0.0010473659494891763
NLD,Netherlands,2015,V,Current prices,620835000000.0,39504000000.0,11774000000.0,27730000000.0,39504000000.0,0.2980457675172134,0.0636304332068907,0.0189647813026005,0.0446656519042901,True,100.0,100.0,94.5001207754956,100.0,104.329827942282,100.0,100.0,47.24862431215608,3.779940119760483,3.566305738091269,3.3050752644583348,0.0677196930846751,0.2303260744325383,3.9203969106850423,13.791911510542686,5,0.0027500444557517767
NLD,Netherlands,2016,V,Current prices,634824000000.0,41618000000.0,13263000000.0,28355000000.0,41618000000.0,0.3186842231726656,0.0655583279775181,0.0208924048240142,0.0446659231535039,True,105.2935,103.143497928349,97.4707301143604,102.100245359483,106.521010312196,104.550169046051,102.08119489594,12.646509257686422,2.253876667868737,5.293499999999995,2.0811948959400084,0.020638455655452193,0.2980457675172134,2.2532556959578676,5.351356824625353,6,0.006014056503772736
NLD,Netherlands,2017,V,Current prices,661566000000.0,45934000000.0,16519000000.0,29415000000.0,45934000000.0,0.3596246788870988,0.0694322259608262,0.0249695419655786,0.0444626839952476,True,113.79175,109.499797591001,103.477440972419,108.087141845708,112.767129115357,110.806834266643,103.916744804163,24.549498605142126,3.738317757009346,8.071011031070285,1.7981273731113134,0.04094045571443322,0.3186842231726656,4.212506143435024,10.370512758902395,7,-0.003873201785609126
NLD,Netherlands,2018,V,Current prices,692632000000.0,50726000000.0,20549000000.0,30177000000.0,50726000000.0,0.4050979773686078,0.0732365816190993,0.029667991083288,0.0435685905358112,True,124.37875,117.385375090631,110.929321233415,112.841332049421,117.72716757494,118.651817153841,105.949444702528,24.39614988800776,2.590515043345243,9.30383793201177,1.9560850392261075,0.045473298481508995,0.3596246788870988,4.695827778332018,10.432359472286334,8,-0.0037446445785462856
NLD,Netherlands,2019,V,Current prices,724960000000.0,52799000000.0,21551000000.0,31248000000.0,52799000000.0,0.4081706092918426,0.0728302251158684,0.029727157360406,0.0431030677554623,True,133.38125,122.877469260561,116.119356857103,115.945418628428,120.965655761997,124.354178647341,108.544494572775,4.876149690982534,3.5490605427974886,7.237972724440467,2.4493284297365303,0.0030726319232348143,0.4050979773686078,4.667413576040369,4.0866616725150795,9,0.002648193622007966
NLD,Netherlands,2020,V,Current prices,709628000000.0,55537000000.0,23117000000.0,32420000000.0,55537000000.0,0.4162450258386301,0.0782621317084444,0.0325762230351677,0.0456859086732767,True,144.0405,129.171064215145,122.066811690305,120.81479587126,126.045868661304,131.580867292845,111.501444424928,7.2664841538675695,3.750640040962616,7.991565531137268,2.724182247834306,0.008074416546787477,0.4081706092918426,-2.1148753034650136,5.185704274702174,10,0.0062003652565181255
NLD,Netherlands,2021,V,Current prices,791730000000.0,50712000000.0,23055000000.0,27657000000.0,50712000000.0,0.4546261239943209,0.0640521389867758,0.0291197756811034,0.0349323633056723,True,164.89,145.215857365712,137.229160595769,131.111753134455,136.788666457286,144.352858367968,113.559994322001,-0.2682008911190858,-14.691548426896972,14.47474842145089,1.846209174858715,0.038381098155690796,0.4162450258386301,11.56972385531574,-8.687901759187566,11,-0.07090705633163452
NLD,Netherlands,2022,V,Current prices,888174000000.0,61450000000.0,33503000000.0,27947000000.0,61450000000.0,0.5452074857607812,0.0691868935591449,0.0377212122849801,0.0314656812741647,True,186.82025,161.515708325155,152.632539438669,138.605615038396,144.6069996879,152.274048915534,115.673494216325,45.31771849924096,1.0485591351194978,13.299927224210071,1.8611306798159253,0.09058136176646026,0.4546261239943209,12.181425485961128,21.174475469316924,12,-0.012062530033290386
NLD,Netherlands,2023,V,Current prices,944801000000.0,75564000000.0,47027000000.0,28537000000.0,75564000000.0,0.6223466200836377,0.0799787468472196,0.049774502778892,0.0302042440683276,True,183.25525,154.620924712094,146.116960597117,125.972917354723,131.427327930055,139.547361547183,118.52379407381,40.36653434020834,2.1111389415679582,-1.9082513806720656,2.464090738155233,0.07713913432285657,0.5452074857607812,6.375665128679731,22.96826688364524,13,-0.00994857121258974
NLD,Netherlands,2024,V,Current prices,1000017000000.0,79779000000.0,49003000000.0,30776000000.0,79779000000.0,0.6142343223153963,0.0797776437800557,0.0490021669631616,0.0307754768168941,True,198.19975,161.188706750762,152.323522555929,130.53870239047,136.190803602064,146.755677939102,122.93819385309,4.201841495311198,7.845954375021891,8.155018751168107,3.72448402768053,-0.008112297768241405,0.6223466200836377,5.844193645010964,5.578053041130704,14,0.0007096827030181885
NOR,Norway,2023,V,Current prices,4852019000000.0,450976000000.0,293258000000.0,157718000000.0,450976000000.0,0.6502740722344427,0.0929460498815029,0.0604404063545505,0.0325056435269523,True,140.8,119.605153048903,165.263333358124,107.278776537398,125.236369950611,115.392986481785,117.740038225997,4.382708359287402,4.914521386283499,-0.5474130319618409,4.031115663440343,-0.0011548304378662388,0.6514289026723089,-11.943145112845544,4.56808300968059,1,0.020375914871692657
NZL,New Zealand,2019,V,Current prices,291492000000.0,43883000000.0,23788000000.0,20094000000.0,43882000000.0,0.5420777977804617,0.1505461556406351,0.08160772851399,0.0689349965007616,True,129.899925250187,118.28666569715,166.266109325411,108.576899080734,134.192975992135,123.444470948112,109.831124712003,62.83113149428434,57.674199623352166,69.30132384517893,17.207814053474312,0.007986473245675807,0.5340913245347859,48.70978603569134,60.43212810295031,7,-0.011309299618005753
POL,Poland,2011,V,Current prices,1365622421000.0,71595377000.0,40422400000.0,31172977000.0,71595377000.0,0.5645951134526466,0.0524269196953965,0.0295999826733951,0.0228269370220013,True,105.695,112.653256959655,,121.808545167093,,108.570973413334,93.8326573458164,3.2381973974894285,9.842393860519906,0.0804848025754978,3.073053774671864,-0.015177526887736659,0.5797726403403832,7.87729340083998,6.01346143982211,1,0.002223931485787034
POL,Poland,2012,V,Current prices,1431871906000.0,74277699000.0,41339400000.0,32938299000.0,74277699000.0,0.5565519739646216,0.0518745417720347,0.0288708786217361,0.0230036631502985,True,102.005,106.005143595084,,112.53194495305,,101.681002817916,96.2360099059003,2.2685441735275536,5.662988170812167,-3.4911774445337995,2.5613178056190344,-0.00804313948802493,0.5645951134526466,4.851230031174181,3.746501677056613,2,-0.0005824594991281629
POL,Poland,2013,V,Current prices,1470917531000.0,75323397000.0,42356900000.0,32966497000.000004,75323397000.0,0.5623339053601101,0.0512084433100688,0.0287962439139628,0.022412199396106,True,97.535,99.9627856309275,,106.217304809916,,96.8113997046582,97.5712124392803,2.461332288325413,0.0856085494882474,-4.382138130483804,1.3874250757960116,0.005781931395488438,0.5565519739646216,2.7268937141923466,1.4078222859326806,3,-0.00333941588178277
POL,Poland,2014,V,Current prices,1525005692000.0,80028194000.0,42702701000.0,37325493000.0,80028194000.0,0.533595710031892,0.0524773083928922,0.0280016666324678,0.0244756417604243,True,98.5,99.812189393803,,101.166863494457,,98.0693825862861,98.683877467097,0.816398272772556,13.222502833710228,0.9893884246680696,1.1403619981755764,-0.028738195328218086,0.5623339053601101,3.6771715517747827,6.246129605652273,4,-0.0037645548582077026
POL,Poland,2015,V,Current prices,1596366568000.0,78407099000.0,43236700000.0,35170399000.0,78407099000.0,0.5514385884880143,0.0491159740949924,0.0270844434271565,0.0220315306678359,True,100.0,100.0,,100.0,,100.0,100.0,1.250504037203637,-5.77378576084715,1.522842639593902,1.333675334496065,0.017842878456122313,0.533595710031892,4.6793842393081375,-2.0256548585864675,5,0.000500224472489208
POL,Poland,2016,V,Current prices,1643980469000.0,85345002000.0,43937099000.0,41407903000.0,85345002000.0,0.5148174816376476,0.0519136349910006,0.026726046828723,0.0251875881622776,True,101.8575,100.541129582125,,97.2781716836259,,102.566456810822,101.303427532586,1.6199178013123203,17.735095925411603,1.8575000000000008,1.30342753258601,-0.03662110685036668,0.5514385884880143,2.982642079485087,8.848564847425354,6,-0.0013698253314942122
POL,Poland,2017,V,Current prices,1747080548000.0,85674433000.0,44478100000.0,41196333000.0,85674433000.0,0.5191525457775718,0.049038627954548,0.0254585285440428,0.0235800994105052,True,105.7825,101.379264135707,,95.8059449625829,,104.561702979428,104.336202608405,1.2313079659628912,-0.5109411118935481,3.8534226738335287,2.9937536662749675,0.004335064139924127,0.5148174816376476,6.271368847995729,0.38599917075401446,7,-0.008968316949903965
POL,Poland,2018,V,Current prices,1857482474000.0,90796470000.0,46356800000.0,44439670000.0,90796470000.0,0.5105572936921446,0.048881467938954,0.0249567899826117,0.0239246779563423,True,112.7425,104.025645000743,,96.2992878047143,,109.785268876048,108.367252709181,4.223876469543431,7.872877908817766,6.579538203389035,3.863520043857971,-0.008595252085427108,0.5191525457775718,6.319223582815603,5.978489522072472,8,-0.006175254937261343
POL,Poland,2019,V,Current prices,2016063576000.0,113077369000.0,48258400000.0,64818969000.0,113077369000.0,0.4267732829899854,0.0560881960004221,0.0239369435440859,0.0321512524563362,True,122.5225,107.744115057617,,97.8359516182619,,116.691988243421,113.695327842383,4.102095054015797,45.85834908315025,8.674634676364267,4.9166837766946525,-0.08378401070215924,0.5105572936921446,8.53742117192111,24.539389031313654,9,0.03936580568552017
POL,Poland,2020,V,Current prices,2059055377000.0,118922391000.0,48409600000.0,70512791000.0,118922391000.0,0.4070688420652423,0.0577558002219772,0.0235105867189117,0.0342452135030654,True,135.3625,112.919770428205,,98.0507252646903,,124.692935388529,119.862677996567,0.3133133299073387,8.784190936452575,10.479707808769836,5.424453468073787,-0.019704440924743105,0.4267732829899854,2.132462562777837,5.169046690500911,10,-0.0003073855768889189
POL,Poland,2021,V,Current prices,2289680858000.0,126571247000.0,52518100000.0,74053147000.0,126571247000.0,0.4149291505360613,0.0552789907631747,0.0229368646798548,0.0323421260833198,True,147.7725,118.560674537633,,103.807506134327,,128.97116839378,124.599453114986,8.486953001057639,5.020870610553474,9.167974882260598,3.951834881041672,0.007860308470818977,0.4070688420652423,11.200547764578172,6.43180475575873,11,0.004589599557220936
POL,Poland,2022,V,Current prices,2766246487000.0,164890517000.0,68534100000.00001,96356417000.0,164890517000.0,0.4156339688109535,0.0596080348497158,0.024775124097609,0.0348329107521068,True,165.205,116.096021984234,,103.093852574216,,126.484944303494,142.484728562118,30.496152754954963,30.117923280154457,11.796849887495986,14.35421665183927,0.000704818274892216,0.4149291505360613,20.813626813313736,30.27486171484113,12,0.04039878770709038
PRT,Portugal,2011,V,Current prices,154177966000.0,16538186000.000002,10756629000.0,5781557000.0,16538186000.0,0.6504116594165769,0.1072668580930689,0.0697676151727154,0.0374992429203534,True,102.091,111.332860324334,81.9187366004127,104.006631263011,82.9970136459225,106.027643150918,91.7128947928223,1.72803659725429,-5.98333003225302,-4.897156910235879,0.9370361672760286,0.018129846078268508,0.6322818133383084,-2.438954537281879,-1.107573156431596,1,0.0023550568148493767
PRT,Portugal,2012,V,Current prices,147300542000.0,17375959000.0,11837946000.0,5538013000.0,17375959000.0,0.681283030191312,0.1179626277274662,0.0803659364674978,0.0375966912599683,True,94.862,101.417406758499,74.6229442659033,98.7476589910503,78.8003678347945,96.6708877110289,93.5515048387875,10.052563865500996,-4.212429281593177,-7.080937594890835,2.0047454069774817,0.03087137077473512,0.6504116594165769,-4.460704845464103,5.06568858277443,2,-0.0002660728059709072
PRT,Portugal,2013,V,Current prices,149851500000.0,18578400000.0,12590100000.0,5988300000.0,18578400000.0,0.6776740731171683,0.123978738951562,0.0840171770052351,0.0399615619463268,True,93.081,98.2750604304047,72.3108053303861,97.3265224825533,77.6663047009721,94.0237742672133,94.7166773679168,6.353754274601364,8.13084042959089,-1.8774641057536123,1.2454877461749003,-0.0036089570741436594,0.681283030191312,1.7318048972284172,6.920141789008594,3,-0.0018330656457692385
PRT,Portugal,2014,V,Current prices,151138891000.0,18862467000.0,12630798000.0,6231669000.0,18862467000.0,0.6696259826458544,0.1248022059391715,0.083570799788388,0.0412314061507835,True,97.0385,98.1123480650094,72.1910815456596,101.140935298175,80.7101959285297,97.7825682262117,98.9098374727458,0.3232539852741523,4.06407494614498,4.251673273815282,4.427055742824604,-0.00804809047131394,0.6776740731171683,0.8591111867415346,1.529017568789559,4,0.0022377579007297754
PRT,Portugal,2015,V,Current prices,156080656000.0,19100166000.0,12437396000.0,6662770000.0,19100166000.0,0.6511669060886696,0.1223736912023229,0.0796856978868669,0.042687993315456,True,100.0,100.0,73.5800161441716,100.0,79.7997326113183,100.0,100.0,-1.531193832725375,6.917905941409908,3.0518814697259256,1.1021780594418384,-0.018459076557184817,0.6696259826458544,3.2696845711273514,1.2601692026817046,5,-0.004754801280796528
PRT,Portugal,2016,V,Current prices,161745030000.0,20173857000.0,12638441000.0,7535416000.0,20173857000.0,0.626476186482337,0.1247262867984258,0.0781380485075801,0.0465882382908457,True,107.1105,105.310080641661,77.4871743375744,103.625352833356,82.6927544785532,105.974087663114,101.704527542613,1.616455727549404,13.097345398385364,7.110499999999997,1.704527542612988,-0.024690719606332512,0.6511669060886696,3.6291326197398943,5.621369992281733,6,-0.0030487615149468184
PRT,Portugal,2017,V,Current prices,169071370000.0,21214174000.0,12781217000.0,8432957000.0,21214174000.0,0.6024847821084148,0.1254746678872951,0.0755965779422027,0.0498780899450924,True,117.0105,113.912030627095,83.8164905255703,110.455200173593,88.1429543938234,113.931992749394,102.716177567904,1.1296962971936164,11.910968153583037,9.24279132297954,0.9946951721172326,-0.02399140437392222,0.626476186482337,4.529561124691117,5.1567580755628395,7,-0.006050764583051205
PRT,Portugal,2018,V,Current prices,177157334000.0,22163308000.0,12998020000.0,9165288000.0,22163308000.0,0.586465702683011,0.1251052242635351,0.0733699232570298,0.0517353010065053,True,129.02875,123.278576865192,90.708396759713,116.699114979896,93.1255817137319,123.617653020037,104.65680261642,1.696262570301399,8.684154324515102,10.271086782810102,1.8893080860929332,-0.016019079425403815,0.6024847821084148,4.782574364896908,4.4740558835804745,8,-0.0002245981158921495
PRT,Portugal,2019,V,Current prices,185473874000.0,23260453000.0,13371250000.0,9889203000.0,23260453000.0,0.5748490796804344,0.1254109406266027,0.0720923638010602,0.0533185768255425,True,141.877,131.387303620563,96.6747992154021,123.216607368434,98.3265232127482,134.710020622291,107.970177699254,2.8714373419951755,7.898442471202216,9.957664474002904,3.165943350073408,-0.011616623002576598,0.586465702683011,4.694437318637901,4.950276375710705,9,0.002080444013699889
PRT,Portugal,2020,V,Current prices,175104287000.0,23562409000.0,13714651000.0,9847758000.0,23562409000.0,0.5820564017881193,0.1345621480986356,0.0783227597391719,0.0562393883594637,True,154.3105,139.315926477122,102.508681193268,136.60720698643,109.012185902961,145.89029902794,110.76120276903,2.5682041693932955,-0.4190934294705073,8.763576901118553,2.584996273276752,0.0072073221076849325,0.5748490796804344,-5.59086127677475,1.2981518459679098,10,0.0051192850805819035
PRT,Portugal,2021,V,Current prices,187361458000.0,24399795000.0,14040117000.0,10359678000.0,24399795000.0,0.5754194656143627,0.130228464597025,0.0749359935061991,0.0552924710908259,True,168.828,149.705460486071,110.153301994358,142.017654911373,113.32970888014,156.436334763361,112.758477818962,2.3731263741235464,5.198340576606375,9.40797936627773,1.8032262200121665,-0.006636936173756602,0.5820564017881193,6.999926278218416,3.5539065636285283,11,0.00804062094539404
PRT,Portugal,2022,V,Current prices,211027884000.0,25585453000.0,14430876000.0,11154577000.0,25585453000.0,0.5640265974575475,0.1212420487521923,0.0683837402264811,0.0528583085257112,True,190.15875,164.209532096334,120.825400226751,148.198685601312,118.262154843336,164.264317904897,115.786327894658,2.7831605676790216,7.673008755677535,12.634604449498887,2.685252704951657,-0.011392868156815283,0.5754194656143627,12.631427110265125,4.859294924404067,12,0.01483922265470028
PRT,Portugal,2023,V,Current prices,235589270000.0,24767144000.0,13363947000.0,11403197000.0,24767144000.0,0.5395836920074434,0.1051284890861116,0.0567256182762483,0.0484028708098632,True,205.75175,169.953195800082,125.051588907236,147.444073364584,117.659976296174,169.544662072906,121.052853026321,-7.39337653514589,2.2288608523658,8.199990797162894,4.548486187811807,-0.02444290545010408,0.5640265974575475,11.638929194778825,-3.1983369612412216,13,0.0039977142587304115
ROU,Romania,2011,V,Current prices,519643800000.0,47604300000.0,40930800000.0,6673500000.0,47604300000.0,0.8598130841121495,0.0916094832652674,0.0787670323402299,0.0128424509250374,True,104.8275,111.267124994588,,122.121250654673,,113.458352561954,94.2307852565438,2.78542298651987,-4.686071755027421,-12.309429700734054,0.6641146621562566,0.009345794392523366,0.8504672897196262,7.478695323581652,1.6681901279707478,1,-0.004829167388379574
ROU,Romania,2012,V,Current prices,549135500000.0,51247400000.0,41985800000.0,9261600000.0,51247400000.0,0.8192766852562277,0.0933237789215958,0.07645799625047,0.0168657826711257,True,99.51,103.156448046511,,110.914386490038,,103.402518786476,96.4724706039216,2.577521084366774,38.781748707574735,-5.072619303140868,2.3789309844705064,-0.04053639885592186,0.8598130841121495,5.675368396582425,7.65288009696603,2,-0.002794404746964574
ROU,Romania,2013,V,Current prices,556662200000.0,51220200000.0,41790000000.0,9430200000.0,51220200000.0,0.8158890437756978,0.0920130736378363,0.0750724586652372,0.0169406149725991,True,99.26,102.330080296163,,110.322204602808,,101.668434205368,97.0033083609029,-0.4663481462780283,1.8204197978751055,-0.2512310320570754,0.5502479138952854,-0.003387641480529835,0.8192766852562277,1.3706453143167652,-0.05307586336087411,3,-0.004235587548464537
ROU,Romania,2014,V,Current prices,591513900000.0,55211600000.0,44418800000.0,10792800000.0,55211600000.0,0.8045193401386665,0.0933394802725684,0.0750934170777728,0.0182460631947955,True,97.22,98.199285658574,,104.864058759021,,98.367001016051,99.0024916874306,6.290500119645848,14.449322389769035,-2.055208543219833,2.0609434464747167,-0.01136970363703127,0.8158890437756978,6.260834667775184,7.792628689462355,4,-0.0014235053677111864
ROU,Romania,2015,V,Current prices,625899100000.0,61077600000.0,49564500000.0,11513100000.0,61077600000.0,0.8115004518841604,0.0975837798776192,0.0791892814672524,0.0183944984103667,True,100.0,100.0,,100.0,,100.0,100.0,11.58450926184409,6.673893706915712,2.859493931289858,1.0075587953066067,0.006981111745493873,0.8045193401386665,5.81308402051075,10.624578892841363,5,-0.007516177371144295
ROU,Romania,2016,V,Current prices,673343000000.0,62938400000.0,50953200000.0,11985200000.0,62938400000.0,0.8095725344146022,0.0934715293691328,0.0756719829269777,0.017799546442155,True,105.95,105.031522438426,,96.1999553815458,,105.211912465551,100.873340611172,2.801803710316864,4.100546334175848,5.950000000000011,0.873340611171991,-0.0019279174695582268,0.8115004518841604,7.580119543229902,3.046616108033051,6,-0.0067023225128650665
ROU,Romania,2017,V,Current prices,770366800000.0,70413300000.0,54554900000.0,15858400000.0,70413300000.0,0.7747811848045753,0.0914023034222139,0.0708167849393302,0.0205855184828837,True,112.355,109.687766537284,,88.1598009859907,,108.716784180388,102.425020208502,7.068643382554973,32.31652371257885,6.045304388862682,1.5382454748982033,-0.034791349610026945,0.8095725344146022,14.409268381790552,11.876533245204834,7,-0.03189516067504883
ROU,Romania,2018,V,Current prices,867424400000.0,73435600000.0,55753100000.0,17682500000.0,73435600000.0,0.7592107914962225,0.0846593662802199,0.0642743044811743,0.0203850617990455,True,118.6175,113.032317266236,,86.5687925047288,,110.524169073222,104.937541146176,2.1963196706437094,11.502421429652433,5.573850740955022,2.453034358752748,-0.015570393308352748,0.7747811848045753,12.598881467892964,4.29222888289571,8,-0.025291556492447853
ROU,Romania,2019,V,Current prices,965752200000.0,84704200000.0,63870700000.0,20833500000.0,84704200000.0,0.7540440733753462,0.0877080062566774,0.0661357023054154,0.021572303951262,True,122.69,113.913384722878,,75.2900033876558,,108.521066358819,107.698397486646,14.559907879561852,17.81987841085819,3.433304529264225,2.6309520027958166,-0.0051667181208763235,0.7592107914962225,11.335604578335579,15.344873603538334,9,-0.023740684613585472
ROU,Romania,2020,V,Current prices,969777400000.0,82804200000.0,66445500000.0,16358700000.0,82804200000.0,0.8024411805198287,0.0853847491187152,0.0685162388812112,0.0168685102375039,True,128.435,116.63296213828,,75.7589285872786,,111.050332159302,110.127584396536,4.031269424008199,-21.478868169054643,4.682533213790863,2.255546012364018,0.04839710714448253,0.7540440733753462,0.4167942873958719,-2.243100106015994,10,0.0004409229150041938
ROU,Romania,2021,V,Current prices,1077778300000.0,91756200000.0,72690300000.0,19065900000.0,91756200000.0,0.7922113165104919,0.0851345773059264,0.0674445755680922,0.0176900017378342,True,134.0875,118.730176050088,,72.360001306955,,110.833225665127,112.925941049509,9.398379122739687,16.548992279337593,4.4010589013898205,2.541013378534651,-0.010229864009336787,0.8024411805198287,11.136669095402718,10.81104581651655,11,-0.02380530722439289
ROU,Romania,2022,V,Current prices,1271213100000.0,103823200000.0,81122200000.0,22701000000.0,103823200000.0,0.7813494479075968,0.0816725378302033,0.0638147923428416,0.0178577454873616,True,143.6975,121.293891025535,,67.6817267371595,,104.279424461442,118.480987341561,11.59975952774992,19.06597642912216,7.166961871911992,4.919194155412487,-0.010861868602895175,0.7922113165104919,17.947550066651008,13.151154908333162,12,-0.028514906764030457
SVK,Slovak Republic,2021,V,Current prices,91101280000.0,10027644000.0,7966918000.0,2060726000.0,10027644000.0,0.7944954966490634,0.1100713842879046,0.0874512191266686,0.0226201651612359,True,154.271114322214,148.490446226265,,113.699554661148,,139.365516045024,103.881975,13.56277326368116,13.371532314632706,6.374697038127697,0.879351541056228,0.00027532086944515033,0.7942201757796182,7.614829375009968,13.523419734802221,1,-0.0010462403297424316
SVK,Slovak Republic,2022,V,Current prices,97975263000.0,11239390000.0,9065239000.0,2174151000.0,11239390000.0,0.806559697634836,0.1147166096405375,0.0925257939853654,0.022190815655172,True,175.411311471721,162.172148954103,,118.729138265575,,142.134881214856,108.1569,13.786021143935455,5.504128156775812,13.703276366665197,4.115174937711763,0.012064200985772655,0.7944954966490634,7.545429658068481,12.084054838803615,2,-0.004130600020289421
SVN,Slovenia,2011,V,Current prices,32107404000.0,2468012000.0,2040283000.0,427729000.0,2468012000.0,0.8266908750848861,0.0768673792499698,0.0635455610176394,0.0133218182323304,True,120.38275,118.606760996741,,119.617143083912,,123.414622650341,101.485889851411,-2.3184188503132086,-4.532022123321,2.7090843162767,-0.3824275709076175,0.003308757392192163,0.823382117692694,1.6982735995338505,-2.7093807726603636,1,-0.0007484485977329314
SVN,Slovenia,2012,V,Current prices,31211174000.0,2333336000.0,1934082000.0,399254000.0,2333336000.0,0.8288913384098989,0.0747596357637812,0.0619676145472772,0.012792021216504,True,112.08225,112.252744635526,,114.66580354516,,112.641722501877,99.8319975168002,-5.20520927734045,-6.657252606206265,-6.89509086642397,-1.6296771275616018,0.0022004633250127803,0.8266908750848861,-2.7913499328690694,-5.456861636005006,2,-0.012134894728660583
SVN,Slovenia,2013,V,Current prices,30972470000.0,2249840000.0,1845460000.0,404380000.0,2249840000.0,0.8202627742417239,0.0726399928710884,0.059583882073338,0.0130561107977503,True,106.20525,107.504585363438,,108.884765825551,,105.275177462621,98.7762226223778,-4.582122164417024,1.2838944631738292,-5.243470754735913,-1.057551607383922,-0.008628564168175035,0.8288913384098989,-0.7648030157404562,-3.5783959104046748,3,-0.004332126583904028
SVN,Slovenia,2014,V,Current prices,32514520000.0,2527590000.0,2123970000.0,403620000.0,2527590000.0,0.8403142914792351,0.077737269379957,0.065323738440549,0.0124135309394079,True,99.20475,101.175437658601,,100.799964994582,,98.3972038043131,98.0477576952243,15.09163027104352,-0.1879420347198235,-6.591482059502707,-0.7374901649544019,0.020051517237511196,0.8202627742417239,4.978776313287248,12.345322334032648,4,-0.02160567417740822
SVN,Slovenia,2015,V,Current prices,33604820000.0,2640073000.0,2223803000.0,416270000.0,2640073000.0,0.8423263296128554,0.078562331237007,0.0661751201166975,0.0123872111203095,True,100.0,100.0,,100.0,,100.0,100.0,4.700301793339845,3.134136068579352,0.8016249221937333,1.991113668141331,0.0020120381336202753,0.8403142914792351,3.353271092422716,4.450207509920512,5,-0.0026467195712029934
SVN,Slovenia,2016,V,Current prices,34952837000.0,2699743000.0,2262244000.0,437499000.0,2699743000.0,0.8379479083749823,0.0772395957444026,0.0647227576977514,0.0125168380466512,True,103.25,101.588569924627,,98.8259600501439,,103.73434283178,101.617689838231,1.728615349471152,5.099815023902754,3.2499999999999973,1.6176898382310068,-0.00437842123787302,0.8423263296128554,4.011379915143132,2.2601647757467314,6,-0.005143424961715937
SVN,Slovenia,2017,V,Current prices,37350190000.0,2805310000.0,2321170000.0,484140000.0,2805310000.0,0.8274201425154439,0.0751083193954301,0.0621461363382622,0.0129621830571678,True,111.787,104.487313462553,,102.033271262434,,110.603347367894,106.958814304119,2.604758814699037,10.660824367598565,8.268280871670708,5.256097116939706,-0.010527765859538407,0.8379479083749823,6.858822361114769,3.910261087814648,7,-0.006673641502857208
SVN,Slovenia,2018,V,Current prices,39945750000.0,2990350000.0,2440030000.0,550320000.0,2990350000.0,0.8159680304981022,0.0748602792537378,0.0610835946252104,0.0137766846285274,True,121.54825,106.954658400847,,104.453548928284,,117.884004284086,113.623663637634,5.120693443392765,13.669599702565382,8.73200819415494,6.231229634394264,-0.011452112017341753,0.8274201425154439,6.949255144351341,6.596062467249619,8,-0.010914148762822151
SVN,Slovenia,2019,V,Current prices,42328530000.0,3053790000.0,2461120000.0,592670000.0,3053790000.0,0.8059231315840316,0.0721449575499078,0.0581432901166187,0.014001667433289,True,129.6875,109.486442901072,,105.728406094933,,124.046600087569,118.446313155369,0.8643336352421871,7.695522605029792,6.696311958419798,4.244405930366124,-0.010044898914070566,0.8159680304981022,5.965040085616113,2.121490795391834,9,0.0033341203816235065
SVN,Slovenia,2020,V,Current prices,41568620000.0,3066520000.0,2493120000.0,573400000.0,3066520000.0,0.8130127962641691,0.0737700698267106,0.059976010750417,0.0137940590762936,True,135.66125,117.303850779934,,107.138572101658,,130.165040240471,115.736663426334,1.300221037576388,-3.251387787470261,4.606265060240955,-2.287660676682002,0.007089664680137497,0.8059231315840316,-1.7952666912836368,0.41685905055683925,10,0.0022350195795297623
SVN,Slovenia,2021,V,Current prices,45897639000.0,3250562000.0,2627605000.0,622957000.0,3250562000.0,0.8083540630820147,0.0708219871614746,0.0572492410775203,0.0135727460839543,True,151.31625,126.234949281232,,112.212423147837,,140.617651187276,119.923513007649,5.394244962135808,8.642657830484834,11.539772779625723,3.617565477840068,-0.004658733182154373,0.8130127962641691,10.414151347819578,6.001656600967875,11,-0.010368239134550095
SVN,Slovenia,2022,V,Current prices,49959828000.0,3794181000.0,2984039000.0,810142000.0,3794181000.0,0.7864777668751175,0.0759446369591184,0.0597287684817489,0.0162158684773694,True,173.64875,121.832294463423,,117.609245741573,,147.193827750681,142.555285744471,13.564976470968816,30.047820315045826,14.758824647055423,18.87183936596195,-0.02187629620689724,0.8083540630820147,8.85054022059828,16.723846522539798,12,0.00110778515227139
SVN,Slovenia,2023,V,Current prices,56995055000.0,4098771000.0,3184794000.0,913977000.0,4098771000.0,0.777011938456674,0.0719145020563626,0.0558784266459607,0.0160360754104018,True,186.2145,116.254012695907,,116.950231162329,,146.598759598704,160.235458976454,6.7276265491168274,12.8168888910833,7.2363031694728575,12.402327377516208,-0.009465828418443456,0.7864777668751175,14.081767855565875,8.02781944245674,13,-0.00826410111039877
SWE,Sweden,2011,V,Current prices,3222931000000.0,275367000000.0,114658000000.0,160709000000.0,275367000000.0,0.4163825004448608,0.0854399302994696,0.0355756918159278,0.0498642384835418,True,75.8724999999999,82.1786000650694,112.175431882188,83.8058664114587,108.161394065046,78.1332892822404,92.3447782655221,3.8418345167366974,10.32326269470245,2.578922463327249,2.3172735821387347,-0.014783470494702688,0.4311659709395635,4.140640373634752,7.528691421274791,1,-0.006519808433949947
SWE,Sweden,2012,V,Current prices,3253975000000.0,275591000000.0,110260000000.0,165331000000.0,275591000000.0,0.400085634146253,0.0846936439278113,0.0338847102390153,0.050808933688796,True,76.8249999999999,81.1094994998541,110.716088238787,81.5868898242935,105.297542030069,78.730468895576,94.7257055274295,-3.8357550279963015,2.876005699743023,1.2553955649279969,2.578301996742516,-0.016296866298607826,0.4163825004448608,0.9632226069996586,0.08134598553930505,2,0.009867963381111622
SWE,Sweden,2013,V,Current prices,3333436000000.0,290967000000.0,113152000000.0,177815000000.0,290967000000.0,0.3888825880598143,0.0872874115477243,0.0339445545077211,0.0533428570400031,True,80.785,83.404273448777,113.848500552803,84.4559064571314,109.000347715294,82.321441032624,96.8633078136692,2.622891347723555,7.550913016917571,5.154572079401354,2.256623241112443,-0.011203046086438684,0.400085634146253,2.4419671325071723,5.57928234231162,3,-0.004338244441896677
SWE,Sweden,2014,V,Current prices,3486881000000.0,309368000000.0,117402000000.0,191966000000.0,309368000000.0,0.3794897985570583,0.0887234178625539,0.0336696319719543,0.0550537858905996,True,88.4024999999999,89.7166055994146,122.464960125258,90.4839940336303,116.780308519221,89.3155391611546,98.5355551464445,3.7560096153846256,7.958271236959757,9.429349507953088,1.726399160342651,-0.009392789502756016,0.3888825880598143,4.603208221186783,6.324084861857182,4,-0.00878703873604536
SWE,Sweden,2015,V,Current prices,3788043000000.0,306275000000.0,91411000000.0,214864000000.0,306275000000.0,0.2984605338339727,0.0808530948566317,0.0241314578530391,0.0567216370035926,True,100.0,100.0,136.501999052511,100.0,129.061841010043,100.0,100.0,-22.13846442138976,11.928153943927564,13.118972879726364,1.4862095731627445,-0.08102926472308558,0.3794897985570583,8.637002524605798,-0.9997801970468845,5,-0.005203382112085819
SWE,Sweden,2016,V,Current prices,3910818000000.0,322755000000.0,97184000000.0,225571000000.0,322755000000.0,0.3011076513144645,0.0825287701959027,0.0248500441595594,0.0576787260363432,True,108.2425,107.304323255113,146.472546312998,105.094824856365,135.637315765905,107.30803741032,100.880989911901,6.315432497183049,4.983152133442559,8.242499999999996,0.8809899119009978,0.0026471174804917896,0.2984605338339727,3.2411194909878205,5.380785242021058,6,0.0025892581325024366
SWE,Sweden,2017,V,Current prices,4100646000000.0,342112000000.0,100765000000.0,241347000000.0,342112000000.0,0.2945380460200168,0.0834288060954298,0.0245729575291307,0.058855848566299,True,115.4275,113.464670851624,154.881543930819,109.286999738926,141.047813847699,112.464534816191,101.742389825761,3.6847629239380897,6.993806828005367,6.637873293761687,0.8538773406290501,-0.006569605294447667,0.3011076513144645,4.853920586434857,5.997428389955228,7,-0.0027659067418426275
SWE,Sweden,2018,V,Current prices,4278918000000.0,369333000000.0,111726000000.0,257607000000.0,369333000000.0,0.3025074932378098,0.0863145776572488,0.0261108065169746,0.0602037711402742,True,114.35,111.221087205332,151.819007403215,105.035276608594,135.560461701042,108.692828600565,102.824089717591,10.877784945169443,6.737187534960043,-0.9334863875592904,1.0631752347104009,0.007969447217792969,0.2945380460200168,4.347412578408383,7.95675100551867,8,-0.0004115849151276052
SWE,Sweden,2019,V,Current prices,4484615000000.0,399682000000.0,118882000000.0,280800000000.0,399682000000.0,0.2974414659654425,0.0891229235954479,0.0265088530453561,0.0626140705500918,True,117.1875,111.98879640502,152.8669458077,104.136785809121,134.400852933936,109.149166606669,104.649939535006,6.404954979145416,9.003249135310764,2.481416703104511,1.7757023888368415,-0.005066027272367268,0.3025074932378098,4.807219956073006,8.217245683434736,9,0.0014474670169875026
SWE,Sweden,2020,V,Current prices,4472395000000.0,399754000000.0,112275000000.0,287479000000.0,399754000000.0,0.2808602290408601,0.0893825344138878,0.0251039990877371,0.0642785353261507,True,122.11,114.587656778313,156.414442169827,108.955616764107,140.620124879603,112.767959541999,106.569989343001,-5.557611749465852,2.378561253561262,4.200533333333323,1.834735706992685,-0.01658123692458241,0.2974414659654425,-0.27248715887540076,0.018014321385506626,10,0.007185167167335749
SWE,Sweden,2021,V,Current prices,4802076000000.0,400522000000.0,104684000000.0,295838000000.0,400522000000.0,0.261368913567794,0.0834060102339071,0.0217997382798606,0.0616062719540465,True,134.4625,124.358965275975,169.752473602724,113.141291039607,146.022233158248,121.514411984297,108.123189187681,-6.761077710977514,2.907690648708261,10.115879125378768,1.4574458102655452,-0.019491315473066095,0.2808602290408601,7.371464282560014,0.19211815266388932,11,-0.010657076723873615
SWE,Sweden,2022,V,Current prices,5158193000000.0,400941000000.0,105205000000.0,295736000000.0,400941000000.0,0.26239521525611,0.0777289643873348,0.0203957083420492,0.0573332560452856,True,139.25,126.556260817112,172.751825941467,109.069889932984,140.767607935137,118.026933946884,110.058338994166,0.4976882809216265,-0.0344783293559358,3.5604722506275,1.7897638989596842,0.001026301688315967,0.261368913567794,7.415896791304433,0.10461347940937671,12,-0.002446000697091222
SWE,Sweden,2023,V,Current prices,5487968000000.0,476987000000.0,137172000000.0,339815000000.0,476987000000.0,0.2875801646585756,0.086915047609607,0.0249950437028787,0.0619200039067283,True,132.0525,116.110113864546,158.492626527252,98.7611344346539,127.462938303768,104.745647556861,113.766963623304,30.38543795446984,14.904847566748725,-5.168761220825846,3.369689805453624,0.02518494940246563,0.26239521525611,6.393227240624766,18.96688041382648,13,-0.012982526794075966
USA,United States,1998,V,Current prices,8727889160000.0,971431380000.0,587829000000.0,383602380000.0,971431380000.0,0.6051163387371736,0.1113019840412363,0.0673506490772162,0.04395133496402,True,58.024430598092,91.0713628670588,88.8800245120112,103.316705865478,91.8152234164365,79.5556901667608,63.7120191439528,6.141455492666714,-0.8970261903559984,4.80924120389985,3.357710011207704,0.01650775645208591,0.5886085822850877,5.686274845770156,3.2458845345275433,1,0.0003242462989874184
USA,United States,1999,V,Current prices,9284420560000.0,1046523280000.0,631621790000.0,414901490000.0,1046523280000.0,0.603542990462668,0.1127182114636995,0.0680302864264046,0.0446879250372949,True,61.5446896891611,93.9242127585144,91.6642297802666,105.842824810466,94.0601282783136,83.1719677375867,65.5241251434976,7.449919959716178,8.159258553088232,6.066856761511863,2.8442137353243746,-0.0015733482745056149,0.6051163387371736,6.376471902858127,7.730026180541949,2,-0.0037085674703121185
USA,United States,2000,V,Current prices,9884026700000.0,1106821990000.0,678979860000.0,427842130000.0,1106821990000.0,0.6134499188979793,0.1119808781981537,0.0686946606487819,0.0432862175493718,True,65.6481383696507,97.0248605195928,94.6902704623419,106.336349515647,94.4987125390889,86.5256356404499,67.6583129458645,7.497852472759048,3.118966866086703,6.66742931228439,3.257102323293948,0.009906928435311269,0.603542990462668,6.4581966760885345,5.7618125800316555,3,-0.0010743348393589258
USA,United States,2001,V,Current prices,10223806910000.0,1192659840000.0,736340680000.0,456319170000.0,1192659850000.0,0.6173937071612976,0.1166551608905532,0.0720221622417162,0.0446329996269462,True,70.1693244622804,99.9636535137863,97.5583508900054,109.353762084029,97.1802189497393,90.6662146991077,70.1930148624749,8.448088578061807,6.6559691071096605,6.886998176813286,3.7463274005050895,0.003943788263318315,0.6134499188979793,3.4376698921705584,7.755343747733101,4,-0.008179614320397377
USA,United States,2002,V,Current prices,10545483130000.0,1266955450000.0,769091380000.0,497864080000.0,1266955460000.0,0.607039008356608,0.1201420014978488,0.0729308814512322,0.0472111209948898,True,75.0847795731099,103.079511677144,100.599235985131,112.61529203619,100.078666966723,95.7566560886565,72.8369445843635,4.44776458635967,9.104353428763478,7.00513386511481,3.7666564501734223,-0.010354698804689644,0.6173937071612976,3.1463448286114026,6.229404856962395,5,-0.0019324911991134286
USA,United States,2003,V,Current prices,11051420830000.0,1322902730000.0,800525700000.0,522377040000.0,1322902740000.0,0.6051281638824647,0.1197043122644348,0.0724364506893906,0.0472678624799052,True,80.8145879536734,108.371199482633,105.763596405961,116.653424641132,103.667264224079,100.946405854195,74.5678259790701,4.087202225566489,4.923624937954951,7.631118334687792,2.376378367576648,-0.0019108444741432473,0.607039008356608,4.797672081620408,4.415883762921569,6,-0.004829622805118561
USA,United States,2004,V,Current prices,11774846900000.0,1396032760000.0,848895930000.0,547136830000.0,1396032760000.0,0.60807737061987,0.1185605869745958,0.0720940099866606,0.0464665769879351,True,88.4242146888678,115.429710524322,112.65226716539,121.808046861687,108.248060590388,107.771157647038,76.5955807018867,6.042308198225244,4.739831214633772,9.416154840208543,2.719342687268056,0.0029492067374052855,0.6051281638824647,6.546000565250387,5.527997511956162,7,-0.0070965467020869255
USA,United States,2005,V,Current prices,12567498910000.0,1510246330000.0,911028800000.0,599217540000.0,1510246340000.0,0.6032319244238786,0.1201707945881174,0.0724908596789367,0.047679935704884,True,97.6778024195914,124.325776893083,121.334278414856,130.828530213381,116.2643604455,115.712622575978,78.5589253881484,7.319256437005173,9.518772479637327,10.464992834014474,2.563261050142196,-0.004845446195991365,0.60807737061987,6.731739416501448,8.181295831481773,8,-0.006161902099847794
USA,United States,2006,V,Current prices,13304105300000.0,1545706730000.0,961843400000.0,583863330000.0,1545706730000.0,0.6222677182753807,0.1161826891132619,0.0722967368576074,0.0438859522556545,True,103.354806913789,127.147629174869,124.088231930853,131.3683219912,116.74406120893,119.101831201509,81.2980849635621,5.577716094156404,-2.56237659531795,5.8119699190314345,3.486757948737096,0.019035793851502114,0.6032319244238786,5.8612011449141965,2.347987827919429,9,-0.0013794605620205402
USA,United States,2007,V,Current prices,13956205250000.0,1693576790000.0,1025805930000.0,667770860000.0,1693576790000.0,0.6057038193113169,0.121349375397012,0.0735017801490129,0.047847595247999,True,103.232771265298,122.490848146995,119.54350130561,126.451667332227,112.374741240842,116.006314675814,84.2964851460563,6.649994167449713,14.371090919513652,-0.1180744777480979,3.6881559803506825,-0.01656389896406385,0.6222677182753807,4.9014942026954555,9.566501661023374,10,0.0030264356173574924
USA,United States,2008,V,Current prices,14247901760000.0,1784246400000.0,1109690300000.0,674556100000.0,1784246400000.0,0.6219378108315085,0.1252287129750675,0.0778844716009608,0.0473442413741067,True,94.7735886694594,109.682687137891,107.04352734448,111.702440514508,99.2674364333146,103.429141793359,86.4269515120753,8.177411296501269,1.0161030386980352,-8.194280258251851,2.5273489900885515,0.01623399152019156,0.6057038193113169,2.0900846954798213,5.3537348017151265,11,4.547485150396824e-05
USA,United States,2009,V,Current prices,14006530820000.0,1791009660000.0,1121359000000.0,669650660000.0,1791009660000.0,0.6261043840489392,0.1278696118986585,0.0800597245963865,0.047809887302272,True,89.0778094601096,101.973272682113,99.5196150604053,105.752206193842,93.9795975600597,97.4816554602953,87.3587359334977,1.051527619913406,-0.7272100867518616,-6.009880272883716,1.0781178846649642,0.004166573217430747,0.6219378108315085,-1.6940806026444655,0.37905414857499764,12,0.0026021895464509726
USA,United States,2010,V,Current prices,14539852780000.0,1854143900000.0,1136886870000.0,717257020000.0,1854143890000.0,0.6131599979915259,0.1275215043821097,0.0781910853708107,0.049330418323534,True,86.451696178172,99.1635790482799,96.7775276337482,99.5936268206092,88.5066071434133,92.9417234141189,87.1878105781715,1.3847367346228934,7.10913358914631,-2.9481116541304475,-0.1956591444458699,-0.012944386057413326,0.6261043840489392,3.807666344034799,3.525064180837534,13,-0.0009833152871578932
USA,United States,2011,V,Current prices,15055231900000.0,1912084160000.0,1148597060000.0,763487100000.0,1912084160000.0,0.60070423887618,0.1270046301976922,0.0762922197166554,0.0507124104810368,True,82.7073139249715,93.2797205102699,91.035245157456,91.4668512844464,81.2845252423551,86.720585168267,88.6745658011848,1.030022450694679,6.445399446909561,-4.331184255174748,1.705232891105002,-0.01245575911534591,0.6131599979915259,3.5445965498971166,3.124906324692489,14,-0.002487117424607277
USA,United States,2012,V,Current prices,15681134300000.0,1963201400000.0,1152366540000.0,810834860000.0,1963201400000.0,0.5869833528032325,0.1251951142335411,0.0734874479073876,0.0517076663261534,True,84.9285974114361,93.2989384097569,91.0540006402303,90.331181621634,80.275281258578,87.4105843745349,91.0267861540178,0.328181233547653,6.201514079281756,2.6857159071562275,2.652643778495478,-0.013720886072947414,0.60070423887618,4.157374686470283,2.6733781425185787,15,-0.003126738127321005
USA,United States,2013,V,Current prices,16271922620000.0,2051828270000.0,1185914770000.0,865913500000.0,2051828270000.0,0.5779795450425294,0.1260962406174471,0.0728810477836453,0.0532151928338017,True,90.7710540829138,96.9756419931821,94.6422362208842,97.4265935148541,86.5808135802906,92.2091169745851,93.5992915398936,2.911246451150862,6.792830786776971,6.879257222598367,2.8260971243377897,-0.009003807760703197,0.5869833528032325,3.767510109265504,4.514405399262644,16,-0.005140975117683411
USA,United States,2014,V,Current prices,16965381280000.002,2105203980000.0,1210434670000.0,894769310000.0,2105203980000.0,0.5749726304431555,0.1240882209043992,0.0713473307804137,0.0527408901239854,True,95.1338285164455,98.5357065160489,96.1647628271361,98.1612484935948,87.2336848700015,95.3098622090111,96.5494519824177,2.0675937782611564,3.3324125331225307,4.80634986297126,3.151904671486405,-0.0030069145993738555,0.5779795450425294,4.26168853057145,2.601373164626497,17,-0.0017514675855636597
USA,United States,2015,V,Current prices,17633973870000.0,2157569810000.0,1239669160000.0,917900650000.0,2157569810000.0,0.5745673462125427,0.1223530116300438,0.0703000451933866,0.0520529664366571,True,100.0,100.0,97.5938228153603,100.0,88.8677418112644,100.0,100.0,2.415205935897391,2.5851736018974503,5.115080050324372,3.573865979281443,-0.0004052842306128124,0.5749726304431555,3.9409228650120642,2.487446845887109,18,-0.0013275397941470146
USA,United States,2016,V,Current prices,18138283850000.0,2230630850000.0,1285030790000.0,945600060000.0,2230630850000.0,0.5760840212534495,0.122979156597552,0.0708463270630754,0.0521328295344766,True,105.540887809343,101.701792406546,99.2546670812898,103.31790564989,91.8162896377498,104.481364559963,103.772815565922,3.65917225850807,3.0176915116031378,5.540887809343009,3.772815565921994,0.0015166750409068008,0.5745673462125427,2.8598770970051257,3.3862654019987337,19,0.0037602682132273912
USA,United States,2017,V,Current prices,18916537760000.0,2331613580000.0,1343122400000.0,988491180000.0,2331613580000.0,0.5760484548215746,0.1232579454856859,0.0710025490415112,0.0522553964441746,True,111.977094847514,103.938092280389,101.437157617789,105.229586522284,93.5151572596847,108.951875138666,107.730991159649,4.52063954047357,4.535862656353884,6.098306705357492,3.814270213389892,-3.5566431874856086e-05,0.5760840212534495,4.290670034916233,4.52709286254156,20,0.0021707494743168354
USA,United States,2018,V,Current prices,19894230480000.0,2474202500000.0,1402253580000.0,1071948910000.0,2474202490000.0,0.5667497223852939,0.1243678413441201,0.0704854395554383,0.0538824012860235,True,118.750073338731,106.381726620106,103.821993785548,106.257812156076,94.4289181611604,113.224328915072,111.627441744116,4.402516107243848,8.44294129159553,6.0485392128097,3.616833505869055,-0.009298732436280766,0.5760484548215746,5.168454885372209,6.115461036215097,21,0.001071700593456626
USA,United States,2019,V,Current prices,20747663310000.0,2582487400000.0,1463275420000.0,1119211980000.0,2582487400000.0,0.5666147374039463,0.1244712409977892,0.0705272395323056,0.0539440014654835,True,124.678189648091,107.698421461934,105.1070066165,107.220464222376,95.2844053139798,117.199276577742,115.76506736476,4.351697928986575,4.409078600583682,4.992094861659768,3.7066384000169927,-0.00013498498134756343,0.5667497223852939,4.289850923653327,4.3765576988948895,22,0.0013788912910968065
USA,United States,2020,V,Current prices,20663819900000.0,2696611990000.0,1543519710000.0,1153092280000.0,2696611990000.0,0.572392215017927,0.1304992011665761,0.0746967268138065,0.0558024743527695,True,134.403492097018,112.571473670148,109.862804554284,107.391292793537,95.436216807539,124.946452550984,119.38146790722,5.483881496485465,3.0271566607069422,7.800323758611682,3.123913478204288,0.0057774776139807305,0.5666147374039463,-0.40411013398115037,4.419173158405343,23,0.005466901231557131
USA,United States,2021,V,Current prices,22861694140000.0,2901429430000.0,1627731990000.0,1273697440000.0,2901429430000.0,0.5610103672244063,0.126912266966406,0.0711990974961053,0.0557131694703006,True,156.591685148027,128.249017117417,125.163118528013,115.83643933617,102.94122783263,139.791199971733,122.061918309288,5.4558603595674215,10.459280847843331,16.508643268727475,2.2452818256106344,-0.011381847793520694,0.572392215017927,10.636340476428563,7.595361911893006,24,-0.0016051027923822403
USA,United States,2022,V,Current prices,25082295520000.0,3179809750000.0,1797994900000.0,1381814850000.0,3179809750000.0,0.5654410299232525,0.1267750691903178,0.0716838256915649,0.0550912434987529,True,177.381161920184,137.098984727837,133.800140236943,131.550621091859,116.906066303028,148.67647652118,129.426369413955,10.460131707554645,8.488468815639605,13.27623286798696,6.033373231122341,0.004430662698846177,0.5610103672244063,9.713196959077152,9.594592138675594,25,-0.00022953048755880445
USA,United States,2023,V,Current prices,26837236850000.0,3477023420000.0,1980840100000.0,1496183310000.0,3477023410000.0,0.5696942070065205,0.1295596651560646,0.0738093907011146,0.0557502740823334,True,185.449595756914,132.727780478641,129.534114907085,127.044713630756,112.901768094241,149.725431210253,139.720295958044,10.169394807515864,8.27668482503281,4.5486418903719406,7.953500195284846,0.0042531770832680005,0.5654410299232525,6.996733327699833,9.346901021358267,26,0.002004914917051792
USA,United States,2024,V,Current prices,28287687720000.0,3712485010000.0,2124312030000.0,1588172980000.0,3712485010000.0,0.5722075710145426,0.1312403136922073,0.0750967011170045,0.0561436125752027,True,195.217141314934,132.933272455579,129.734662382958,127.918200971248,113.678016568743,153.600319718114,146.858322029118,7.242983923841195,6.148288741437713,5.266954353906073,5.108796844531049,0.0025133640080220454,0.5696942070065205,5.4046207443297245,6.771929940005994,27,-0.0032486969139426947
ZAF,South Africa,2014,V,Current prices,3738792137000.0,280437596000.0,153588826000.0,126848769000.0,280437595000.0,0.5476755905438585,0.0750075387247986,0.0410797980663454,0.0339277403909871,True,94.07525,98.8003584296417,,101.612829550382,105.729315736198,98.4521878008298,95.2203728584721,3.795012265191988,9.9478713751185,7.437523376093158,5.062185267078845,-0.014223231731693486,0.561898822275552,6.750622785608029,6.490587049848329,1,-0.006542072631418705
ZAF,South Africa,2015,V,Current prices,3981757572000.0,294671198000.0,160476800000.0,134194397999.99998,294671198000.0,0.5445961501809213,0.0740053086285686,0.0403030061720693,0.0337023024564992,True,100.0,100.0,,100.0,104.051148072571,100.0,100.0,4.4846843220222254,5.790855565969255,6.297883874876775,5.019542560111523,-0.003079440362937169,0.5476755905438585,6.498500748291258,5.075497081354241,2,-0.005124848335981369
ZAF,South Africa,2016,V,Current prices,4288839323000.0,313697098000.0,168215569000.0,145481530000.0,313697099000.0,0.5362356555813595,0.0731426557105366,0.0392216999359012,0.0339209560077986,True,104.878,99.9196648400817,,99.5941854952437,103.628893421327,98.7029761165375,104.971267127155,4.82235999222318,8.411030689969646,4.8780000000000046,4.97126712715501,-0.008360494599561785,0.5445961501809213,7.712216162013985,6.456654104348525,3,-0.006814239546656609
ZAF,South Africa,2017,V,Current prices,4592450225000.0,337014158000.0,179133735000.0,157880423000.0,337014158000.0,0.5315317791485781,0.0733843899200889,0.0390061353359578,0.034378254584131,True,109.211,98.978041330939,,98.6330106811044,102.628779992231,98.4021446383061,110.348316723876,6.490579953393016,8.522657824673697,4.131467037891645,5.12240134265276,-0.004703876432781473,0.5362356555813595,7.079092480145133,7.432985561122396,4,-0.010687503963708878
ZAF,South Africa,2018,V,Current prices,4816887835000.0,357667459000.0,192026566000.0,165640893000.0,357667459000.0,0.5368857612512073,0.0742528103729448,0.03986527662212,0.0343875337508248,True,113.02175,98.0133772623646,,97.436622111025,101.383923949654,97.9797968074289,115.319591351031,7.197321598860196,4.915409936544202,3.489346311269004,4.505075178984908,0.005353982102629273,0.5315317791485781,4.887099456804678,6.12831850227491,5,-0.005537955090403557
ZAF,South Africa,2019,V,Current prices,5044926051000.0,373259180000.0,196205869000.0,177053311000.0,373259180000.0,0.5256558432132868,0.073987046832136,0.0388917234894074,0.0350953233427286,True,115.85,96.8969188341907,,96.0264765909159,99.9166513464867,96.7989398115727,119.569366032298,2.176419173167954,6.889855393378008,2.502394450625656,3.685214829049088,-0.011229918037920505,0.5368857612512073,4.734140046671853,4.3592786001815265,6,-0.0008480967953801155
ZAF,South Africa,2020,V,Current prices,5035875341000.0,379960872000.0,208708788000.0,171252085000.0,379960873000.0,0.5492902121774266,0.0754508096946953,0.0414443912661578,0.0340064186271127,True,118.59675,97.100369631785,,100.429659331856,104.498213540168,96.2307821285083,122.139515839536,6.372347098342912,-3.276541945041622,2.3709538195943125,2.1495052558393235,0.02363436896413973,0.5256558432132868,-0.17940223322413518,1.7954526932197679,7,0.006379866506904364
ZAF,South Africa,2021,V,Current prices,5603769639000.0,421974212000.0,211003351000.0,210970860000.0,421974211000.0,0.5000384976132143,0.075301848431318,0.0376538231570942,0.0376480250957725,True,126.57225,102.729813877652,,97.9394511303951,101.907123317151,98.87963794263,123.210465759215,1.0994089046216793,23.19316287448412,6.724889172764015,0.876825089994604,-0.04925171456421229,0.5492902121774266,11.276972910279204,11.057280655993452,8,-0.02527633123099804
